id_municipio,ano,familias_beneficiarias
1100015,2019,1452
1100023,2019,3707
1100031,2019,176
1100049,2019,2593
1100056,2019,654
1100064,2019,343
1100072,2019,399
1100080,2019,1652
1100098,2019,1361
1100106,2019,2986
1100114,2019,2037
1100122,2019,2293
1100130,2019,1846
1100148,2019,1365
1100155,2019,912
1100189,2019,799
1100205,2019,24394
1100254,2019,1689
1100262,2019,156
1100288,2019,1353
1100296,2019,398
1100304,2019,2974
1100320,2019,813
1100338,2019,1279
1100346,2019,1262
1100379,2019,716
1100403,2019,1034
1100452,2019,1981
1100502,2019,629
1100601,2019,223
1100700,2019,607
1100809,2019,2847
1100908,2019,203
1100924,2019,445
1100940,2019,1125
1101005,2019,812
1101104,2019,577
1101203,2019,440
1101302,2019,730
1101401,2019,591
1101435,2019,364
1101450,2019,257
1101468,2019,167
1101476,2019,169
1101484,2019,124
1101492,2019,960
1101500,2019,860
1101559,2019,235
1101609,2019,518
1101708,2019,789
1101757,2019,618
1101807,2019,494
1200013,2019,1715
1200054,2019,1426
1200104,2019,3275
1200138,2019,1451
1200179,2019,1434
1200203,2019,10738
1200252,2019,1791
1200302,2019,4921
1200328,2019,1335
1200336,2019,3251
1200344,2019,1770
1200351,2019,2833
1200385,2019,1577
1200393,2019,1542
1200401,2019,23308
1200427,2019,2474
1200435,2019,1112
1200450,2019,4352
1200500,2019,6973
1200609,2019,7427
1200708,2019,2021
1200807,2019,2727
1300029,2019,2372
1300060,2019,1523
1300086,2019,1972
1300102,2019,2989
1300144,2019,1417
1300201,2019,1934
1300300,2019,7668
1300409,2019,2422
1300508,2019,5410
1300607,2019,5325
1300631,2019,4880
1300680,2019,2344
1300706,2019,4945
1300805,2019,5001
1300839,2019,2057
1300904,2019,2527
1301001,2019,5906
1301100,2019,5323
1301159,2019,3960
1301209,2019,10055
1301308,2019,3407
1301407,2019,5324
1301506,2019,2884
1301605,2019,3551
1301654,2019,2631
1301704,2019,7414
1301803,2019,3793
1301852,2019,11811
1301902,2019,11399
1301951,2019,1657
1302009,2019,1643
1302108,2019,928
1302207,2019,1639
1302306,2019,3268
1302405,2019,8008
1302504,2019,17932
1302553,2019,3015
1302603,2019,123895
1302702,2019,5675
1302801,2019,2884
1302900,2019,9581
1303007,2019,3605
1303106,2019,4216
1303205,2019,2229
1303304,2019,3149
1303403,2019,15983
1303502,2019,3067
1303536,2019,3865
1303569,2019,3010
1303601,2019,2260
1303700,2019,4292
1303809,2019,5216
1303908,2019,4129
1303957,2019,1568
1304005,2019,2008
1304062,2019,6934
1304104,2019,2520
1304203,2019,8688
1304237,2019,3209
1304260,2019,2380
1304302,2019,2978
1304401,2019,3630
1400027,2019,1407
1400050,2019,2171
1400100,2019,19808
1400159,2019,2300
1400175,2019,2490
1400209,2019,3287
1400233,2019,1400
1400282,2019,1352
1400308,2019,3400
1400407,2019,1785
1400456,2019,1530
1400472,2019,3325
1400506,2019,834
1400605,2019,993
1400704,2019,1339
1500107,2019,34342
1500131,2019,1180
1500206,2019,11257
1500305,2019,6865
1500347,2019,2666
1500404,2019,11365
1500503,2019,5536
1500602,2019,10933
1500701,2019,5188
1500800,2019,33172
1500859,2019,5388
1500909,2019,7870
1500958,2019,3953
1501006,2019,2033
1501105,2019,3608
1501204,2019,6316
1501253,2019,380
1501303,2019,14411
1501402,2019,120669
1501451,2019,2742
1501501,2019,10399
1501576,2019,2040
1501600,2019,1941
1501709,2019,15709
1501725,2019,2603
1501758,2019,1007
1501782,2019,6904
1501808,2019,16947
1501907,2019,5448
1501956,2019,4302
1502004,2019,4632
1502103,2019,19887
1502152,2019,3819
1502202,2019,7268
1502301,2019,7739
1502400,2019,13514
1502509,2019,3175
1502608,2019,1867
1502707,2019,3391
1502756,2019,5247
1502764,2019,1275
1502772,2019,3122
1502806,2019,5553
1502855,2019,2193
1502905,2019,8463
1502939,2019,4261
1502954,2019,3418
1503002,2019,1736
1503044,2019,2248
1503077,2019,4762
1503093,2019,3218
1503101,2019,5989
1503200,2019,6463
1503309,2019,10143
1503408,2019,1764
1503457,2019,5858
1503507,2019,6452
1503606,2019,12687
1503705,2019,6218
1503754,2019,2501
1503804,2019,7284
1503903,2019,5570
1504000,2019,5288
1504059,2019,6379
1504109,2019,1181
1504208,2019,15281
1504307,2019,6081
1504406,2019,4064
1504422,2019,13734
1504455,2019,4392
1504505,2019,4132
1504604,2019,6608
1504703,2019,15657
1504752,2019,3297
1504802,2019,9518
1504901,2019,6723
1504950,2019,4368
1504976,2019,1437
1505007,2019,2324
1505031,2019,1605
1505064,2019,6073
1505106,2019,6320
1505205,2019,6274
1505304,2019,8286
1505403,2019,3491
1505437,2019,4034
1505486,2019,7339
1505494,2019,1490
1505502,2019,9884
1505536,2019,9600
1505551,2019,976
1505601,2019,1074
1505635,2019,1382
1505650,2019,2976
1505700,2019,4963
1505809,2019,7603
1505908,2019,5908
1506005,2019,7640
1506104,2019,1911
1506112,2019,2340
1506138,2019,5711
1506161,2019,1295
1506187,2019,3596
1506195,2019,3996
1506203,2019,4092
1506302,2019,4665
1506351,2019,2548
1506401,2019,1838
1506500,2019,6431
1506559,2019,4361
1506583,2019,2340
1506609,2019,3561
1506708,2019,4665
1506807,2019,28084
1506906,2019,1936
1507003,2019,4184
1507102,2019,2721
1507151,2019,3102
1507201,2019,5248
1507300,2019,7336
1507409,2019,2576
1507458,2019,3084
1507466,2019,1111
1507474,2019,3237
1507508,2019,2373
1507607,2019,8322
1507706,2019,5224
1507755,2019,456
1507805,2019,3425
1507904,2019,3822
1507953,2019,8650
1507961,2019,2593
1507979,2019,2703
1508001,2019,9422
1508035,2019,5333
1508050,2019,2181
1508084,2019,1885
1508100,2019,10268
1508126,2019,3421
1508159,2019,6162
1508209,2019,7728
1508308,2019,9135
1508357,2019,1254
1508407,2019,3494
1600055,2019,890
1600105,2019,2139
1600154,2019,1830
1600204,2019,1375
1600212,2019,805
1600238,2019,780
1600253,2019,1710
1600279,2019,6417
1600303,2019,32456
1600402,2019,4204
1600501,2019,2167
1600535,2019,2635
1600550,2019,640
1600600,2019,14855
1600709,2019,2031
1600808,2019,2401
1700251,2019,224
1700301,2019,561
1700350,2019,597
1700400,2019,852
1700707,2019,726
1701002,2019,1289
1701051,2019,238
1701101,2019,361
1701309,2019,528
1701903,2019,400
1702000,2019,448
1702109,2019,7089
1702158,2019,773
1702208,2019,3067
1702307,2019,405
1702406,2019,1365
1702554,2019,1483
1702703,2019,397
1702901,2019,1949
1703008,2019,1082
1703057,2019,279
1703073,2019,426
1703107,2019,596
1703206,2019,440
1703305,2019,568
1703602,2019,198
1703701,2019,452
1703800,2019,752
1703826,2019,297
1703842,2019,744
1703867,2019,203
1703883,2019,212
1703891,2019,576
1703909,2019,878
1704105,2019,261
1704600,2019,177
1705102,2019,387
1705508,2019,1983
1705557,2019,555
1705607,2019,460
1706001,2019,641
1706100,2019,760
1706258,2019,91
1706506,2019,532
1707009,2019,1369
1707108,2019,695
1707207,2019,1065
1707306,2019,381
1707405,2019,1237
1707553,2019,295
1707652,2019,430
1707702,2019,993
1708205,2019,1487
1708254,2019,479
1708304,2019,865
1709005,2019,1701
1709302,2019,1410
1709500,2019,2675
1709807,2019,220
1710508,2019,1045
1710706,2019,739
1710904,2019,577
1711100,2019,201
1711506,2019,386
1711803,2019,232
1711902,2019,996
1711951,2019,447
1712009,2019,186
1712157,2019,168
1712405,2019,393
1712454,2019,275
1712504,2019,446
1712702,2019,157
1712801,2019,398
1713205,2019,1492
1713304,2019,1171
1713601,2019,745
1713700,2019,333
1713809,2019,817
1713957,2019,376
1714203,2019,746
1714302,2019,552
1714880,2019,1092
1715002,2019,468
1715101,2019,460
1715150,2019,187
1715259,2019,305
1715507,2019,143
1715705,2019,577
1715754,2019,566
1716109,2019,1753
1716208,2019,1705
1716307,2019,496
1716505,2019,736
1716604,2019,889
1716653,2019,589
1716703,2019,834
1717008,2019,525
1717206,2019,416
1717503,2019,314
1717800,2019,603
1717909,2019,661
1718006,2019,317
1718204,2019,3810
1718303,2019,840
1718402,2019,363
1718451,2019,257
1718501,2019,531
1718550,2019,568
1718659,2019,158
1718709,2019,302
1718758,2019,714
1718808,2019,736
1718840,2019,266
1718865,2019,430
1718881,2019,289
1718899,2019,188
1718907,2019,519
1719004,2019,182
1720002,2019,268
1720101,2019,554
1720150,2019,144
1720200,2019,1624
1720259,2019,323
1720309,2019,790
1720499,2019,515
1720655,2019,870
1720804,2019,1172
1720853,2019,143
1720903,2019,2203
1720937,2019,180
1720978,2019,186
1721000,2019,12936
1721109,2019,900
1721208,2019,2214
1721257,2019,107
1721307,2019,244
1722081,2019,1370
1722107,2019,1322
2100055,2019,8718
2100105,2019,1435
2100154,2019,2513
2100204,2019,5786
2100303,2019,3694
2100402,2019,1374
2100436,2019,4061
2100477,2019,4624
2100501,2019,1238
2100550,2019,1356
2100600,2019,4696
2100709,2019,6149
2100808,2019,3542
2100832,2019,4114
2100873,2019,2182
2100907,2019,7501
2100956,2019,4717
2101004,2019,5131
2101103,2019,2426
2101202,2019,12747
2101251,2019,3068
2101301,2019,2954
2101350,2019,1039
2101400,2019,8558
2101509,2019,3328
2101608,2019,10221
2101707,2019,11628
2101731,2019,1703
2101772,2019,2560
2101806,2019,1090
2101905,2019,3584
2101939,2019,878
2101970,2019,1525
2102002,2019,5452
2102036,2019,4855
2102077,2019,2342
2102101,2019,6720
2102150,2019,1758
2102200,2019,5061
2102309,2019,3918
2102325,2019,6709
2102358,2019,2576
2102374,2019,2057
2102408,2019,2073
2102507,2019,4375
2102556,2019,1555
2102606,2019,4011
2102705,2019,3623
2102754,2019,2633
2102804,2019,3168
2102903,2019,5328
2103000,2019,18926
2103109,2019,2308
2103125,2019,1998
2103158,2019,2157
2103174,2019,3230
2103208,2019,14294
2103257,2019,2548
2103307,2019,13806
2103406,2019,6812
2103505,2019,6928
2103554,2019,3091
2103604,2019,9822
2103703,2019,7166
2103752,2019,1607
2103802,2019,3807
2103901,2019,1979
2104008,2019,3276
2104057,2019,3575
2104073,2019,1315
2104081,2019,1943
2104099,2019,2858
2104107,2019,2100
2104206,2019,2953
2104305,2019,1737
2104404,2019,3247
2104503,2019,1691
2104552,2019,2151
2104602,2019,2545
2104628,2019,1064
2104651,2019,1949
2104677,2019,4166
2104701,2019,1045
2104800,2019,9964
2104909,2019,2576
2105005,2019,4726
2105104,2019,4670
2105153,2019,2735
2105203,2019,1829
2105302,2019,14296
2105351,2019,2398
2105401,2019,8804
2105427,2019,3981
2105450,2019,1777
2105476,2019,2368
2105500,2019,3707
2105609,2019,2500
2105658,2019,978
2105708,2019,7957
2105807,2019,1958
2105906,2019,3129
2105922,2019,2054
2105948,2019,1406
2105963,2019,1734
2105989,2019,1453
2106003,2019,1872
2106102,2019,1868
2106201,2019,1917
2106300,2019,2176
2106326,2019,3023
2106359,2019,1395
2106375,2019,1611
2106409,2019,3686
2106508,2019,5918
2106607,2019,5868
2106631,2019,1904
2106672,2019,1542
2106706,2019,3468
2106755,2019,3449
2106805,2019,2963
2106904,2019,5551
2107001,2019,1656
2107100,2019,3734
2107209,2019,2326
2107258,2019,793
2107308,2019,782
2107357,2019,3324
2107407,2019,3676
2107456,2019,3424
2107506,2019,13221
2107605,2019,4477
2107704,2019,4546
2107803,2019,5020
2107902,2019,3100
2108009,2019,3653
2108058,2019,3238
2108108,2019,3689
2108207,2019,3909
2108256,2019,5240
2108306,2019,5832
2108405,2019,2482
2108454,2019,5084
2108504,2019,3892
2108603,2019,13180
2108702,2019,4921
2108801,2019,3254
2108900,2019,2851
2109007,2019,1772
2109056,2019,1446
2109106,2019,4246
2109205,2019,2471
2109239,2019,962
2109270,2019,3945
2109304,2019,1710
2109403,2019,3275
2109452,2019,4643
2109502,2019,2815
2109551,2019,981
2109601,2019,5581
2109700,2019,747
2109759,2019,1160
2109809,2019,7814
2109908,2019,9050
2110005,2019,9564
2110039,2019,3870
2110104,2019,4937
2110203,2019,5552
2110237,2019,1545
2110278,2019,2380
2110302,2019,2731
2110401,2019,3720
2110500,2019,7186
2110609,2019,5406
2110658,2019,1461
2110708,2019,4870
2110807,2019,759
2110856,2019,1423
2110906,2019,2529
2111003,2019,5439
2111029,2019,2313
2111052,2019,1474
2111078,2019,3106
2111102,2019,3314
2111201,2019,23970
2111250,2019,1366
2111300,2019,77075
2111409,2019,3539
2111508,2019,6463
2111532,2019,1411
2111573,2019,655
2111607,2019,2207
2111631,2019,1312
2111672,2019,1269
2111706,2019,5327
2111722,2019,1624
2111748,2019,2218
2111763,2019,2525
2111789,2019,3548
2111805,2019,3074
2111904,2019,2186
2111953,2019,921
2112001,2019,1152
2112100,2019,4893
2112209,2019,20694
2112233,2019,3193
2112274,2019,1338
2112308,2019,4891
2112407,2019,6735
2112456,2019,5538
2112506,2019,10036
2112605,2019,6200
2112704,2019,7376
2112803,2019,9012
2112852,2019,1022
2112902,2019,5561
2113009,2019,5980
2114007,2019,6487
2200053,2019,1311
2200103,2019,927
2200202,2019,2343
2200251,2019,1486
2200277,2019,837
2200301,2019,2520
2200400,2019,4166
2200459,2019,946
2200509,2019,3315
2200608,2019,1740
2200707,2019,1648
2200806,2019,482
2200905,2019,1138
2200954,2019,512
2201002,2019,859
2201051,2019,1301
2201101,2019,2646
2201150,2019,2038
2201176,2019,820
2201200,2019,9677
2201309,2019,793
2201408,2019,1466
2201507,2019,4829
2201556,2019,637
2201572,2019,679
2201606,2019,1861
2201705,2019,1046
2201739,2019,1285
2201770,2019,1721
2201804,2019,633
2201903,2019,3918
2201919,2019,996
2201929,2019,1130
2201945,2019,1217
2201960,2019,1359
2201988,2019,957
2202000,2019,3536
2202026,2019,1548
2202059,2019,1885
2202075,2019,449
2202083,2019,874
2202091,2019,1050
2202109,2019,1109
2202117,2019,1237
2202133,2019,1156
2202174,2019,1766
2202208,2019,5881
2202251,2019,719
2202307,2019,4104
2202406,2019,2070
2202455,2019,1140
2202505,2019,2149
2202539,2019,1153
2202554,2019,1244
2202604,2019,2887
2202653,2019,888
2202703,2019,4915
2202711,2019,1072
2202729,2019,1148
2202737,2019,765
2202752,2019,1432
2202778,2019,1461
2202802,2019,1068
2202851,2019,1015
2202901,2019,3555
2203008,2019,1285
2203107,2019,1879
2203206,2019,1818
2203230,2019,994
2203255,2019,855
2203271,2019,1024
2203305,2019,2904
2203354,2019,1308
2203404,2019,972
2203420,2019,782
2203453,2019,2114
2203503,2019,1838
2203602,2019,734
2203701,2019,6740
2203750,2019,1239
2203800,2019,1023
2203859,2019,528
2203909,2019,4040
2204006,2019,807
2204105,2019,711
2204154,2019,487
2204204,2019,1195
2204303,2019,1964
2204352,2019,1126
2204402,2019,1647
2204501,2019,1546
2204550,2019,1061
2204600,2019,702
2204659,2019,1534
2204709,2019,2343
2204808,2019,1471
2204907,2019,1812
2205003,2019,1870
2205102,2019,1504
2205151,2019,1244
2205201,2019,3485
2205250,2019,982
2205276,2019,926
2205300,2019,1019
2205359,2019,576
2205409,2019,2573
2205458,2019,1041
2205508,2019,5725
2205516,2019,960
2205524,2019,984
2205532,2019,1057
2205540,2019,408
2205557,2019,1512
2205565,2019,667
2205573,2019,998
2205581,2019,859
2205599,2019,1032
2205607,2019,1192
2205706,2019,5046
2205805,2019,5402
2205854,2019,1327
2205904,2019,752
2205953,2019,1928
2206001,2019,951
2206050,2019,1075
2206100,2019,2172
2206209,2019,6310
2206308,2019,182
2206357,2019,1076
2206407,2019,1697
2206506,2019,1285
2206605,2019,1816
2206654,2019,850
2206670,2019,1138
2206696,2019,1317
2206704,2019,1444
2206720,2019,2073
2206753,2019,874
2206803,2019,2242
2206902,2019,985
2206951,2019,659
2207009,2019,5533
2207108,2019,479
2207207,2019,1510
2207306,2019,875
2207355,2019,590
2207405,2019,852
2207504,2019,2744
2207553,2019,776
2207603,2019,2192
2207702,2019,10230
2207751,2019,918
2207777,2019,910
2207793,2019,956
2207801,2019,3957
2207850,2019,1157
2207900,2019,7312
2207934,2019,564
2207959,2019,1028
2208007,2019,9951
2208106,2019,1960
2208205,2019,3143
2208304,2019,5202
2208403,2019,6271
2208502,2019,2380
2208551,2019,468
2208601,2019,741
2208650,2019,1462
2208700,2019,2039
2208809,2019,3932
2208858,2019,904
2208874,2019,1099
2208908,2019,927
2209005,2019,1361
2209104,2019,996
2209153,2019,532
2209203,2019,906
2209302,2019,1216
2209351,2019,579
2209377,2019,905
2209401,2019,870
2209450,2019,261
2209500,2019,682
2209559,2019,1077
2209609,2019,454
2209658,2019,1310
2209708,2019,1101
2209757,2019,501
2209807,2019,818
2209856,2019,794
2209872,2019,994
2209906,2019,1170
2209955,2019,620
2209971,2019,1943
2210003,2019,3120
2210052,2019,1091
2210102,2019,773
2210201,2019,1008
2210300,2019,1118
2210359,2019,1048
2210375,2019,357
2210383,2019,284
2210391,2019,593
2210409,2019,2712
2210508,2019,2917
2210607,2019,5327
2210623,2019,788
2210631,2019,652
2210656,2019,1927
2210706,2019,2041
2210805,2019,2223
2210904,2019,917
2210938,2019,857
2210953,2019,604
2210979,2019,465
2211001,2019,56855
2211100,2019,7671
2211209,2019,3274
2211308,2019,2271
2211357,2019,1201
2211407,2019,907
2211506,2019,643
2211605,2019,501
2211704,2019,738
2300101,2019,1852
2300150,2019,1854
2300200,2019,10010
2300309,2019,8914
2300408,2019,2959
2300507,2019,1035
2300606,2019,1443
2300705,2019,2010
2300754,2019,6760
2300804,2019,1948
2300903,2019,2691
2301000,2019,10601
2301109,2019,6416
2301208,2019,4488
2301257,2019,1873
2301307,2019,3153
2301406,2019,2128
2301505,2019,844
2301604,2019,4419
2301703,2019,3730
2301802,2019,1065
2301851,2019,2651
2301901,2019,6755
2301950,2019,3685
2302008,2019,3113
2302057,2019,2642
2302107,2019,6486
2302206,2019,9335
2302305,2019,4640
2302404,2019,8835
2302503,2019,6307
2302602,2019,7590
2302701,2019,3902
2302800,2019,12776
2302909,2019,3010
2303006,2019,3573
2303105,2019,2768
2303204,2019,4932
2303303,2019,2730
2303402,2019,2104
2303501,2019,10152
2303600,2019,1533
2303659,2019,2093
2303709,2019,28887
2303808,2019,3684
2303907,2019,2160
2303931,2019,1907
2303956,2019,3377
2304004,2019,3808
2304103,2019,7967
2304202,2019,13917
2304236,2019,3181
2304251,2019,3679
2304269,2019,1463
2304277,2019,876
2304285,2019,5128
2304301,2019,2853
2304350,2019,3107
2304400,2019,205606
2304459,2019,2363
2304509,2019,2214
2304608,2019,1490
2304657,2019,2440
2304707,2019,7528
2304806,2019,875
2304905,2019,1337
2304954,2019,3477
2305001,2019,6444
2305100,2019,685
2305209,2019,2772
2305233,2019,5087
2305266,2019,2339
2305308,2019,3354
2305332,2019,2765
2305357,2019,3058
2305407,2019,10969
2305506,2019,10326
2305605,2019,5127
2305654,2019,1882
2305704,2019,2432
2305803,2019,7176
2305902,2019,5367
2306009,2019,1878
2306108,2019,4538
2306207,2019,995
2306256,2019,3309
2306306,2019,5654
2306405,2019,19334
2306504,2019,3415
2306553,2019,7095
2306603,2019,3907
2306702,2019,3451
2306801,2019,1567
2306900,2019,4010
2307007,2019,5843
2307106,2019,4272
2307205,2019,1035
2307254,2019,2021
2307304,2019,21098
2307403,2019,3936
2307502,2019,5171
2307601,2019,6913
2307635,2019,3021
2307650,2019,17750
2307700,2019,14384
2307809,2019,3778
2307908,2019,1997
2308005,2019,4299
2308104,2019,7707
2308203,2019,1791
2308302,2019,5058
2308351,2019,2543
2308377,2019,2068
2308401,2019,5673
2308500,2019,5770
2308609,2019,3439
2308708,2019,10866
2308807,2019,1447
2308906,2019,3064
2309003,2019,1682
2309102,2019,1886
2309201,2019,2792
2309300,2019,3726
2309409,2019,5447
2309458,2019,4034
2309508,2019,4681
2309607,2019,6952
2309706,2019,6551
2309805,2019,1585
2309904,2019,958
2310001,2019,1418
2310100,2019,2195
2310209,2019,4724
2310258,2019,4651
2310308,2019,3615
2310407,2019,2015
2310506,2019,6943
2310605,2019,1840
2310704,2019,4491
2310803,2019,2481
2310852,2019,3797
2310902,2019,2308
2310951,2019,1223
2311009,2019,1881
2311108,2019,2355
2311207,2019,1277
2311231,2019,1103
2311264,2019,3149
2311306,2019,12302
2311355,2019,2469
2311405,2019,9129
2311504,2019,2253
2311603,2019,3450
2311702,2019,2491
2311801,2019,6287
2311900,2019,2376
2311959,2019,2891
2312007,2019,5257
2312106,2019,2995
2312205,2019,6612
2312304,2019,6020
2312403,2019,6276
2312502,2019,832
2312601,2019,1891
2312700,2019,3836
2312809,2019,1148
2312908,2019,16435
2313005,2019,2101
2313104,2019,3876
2313203,2019,4495
2313252,2019,1266
2313302,2019,5025
2313351,2019,4041
2313401,2019,11157
2313500,2019,12217
2313559,2019,2983
2313609,2019,4733
2313708,2019,1295
2313757,2019,3222
2313807,2019,4382
2313906,2019,2204
2313955,2019,2079
2314003,2019,6077
2314102,2019,10409
2400109,2019,1222
2400208,2019,6678
2400307,2019,2021
2400406,2019,462
2400505,2019,1890
2400604,2019,900
2400703,2019,1414
2400802,2019,1749
2400901,2019,1424
2401008,2019,5650
2401107,2019,2472
2401206,2019,1740
2401305,2019,2628
2401404,2019,1109
2401453,2019,3510
2401503,2019,627
2401602,2019,890
2401651,2019,595
2401701,2019,1357
2401800,2019,1494
2401859,2019,903
2401909,2019,696
2402006,2019,5041
2402105,2019,2061
2402204,2019,5020
2402303,2019,3586
2402402,2019,406
2402501,2019,2003
2402600,2019,7847
2402709,2019,1498
2402808,2019,1089
2402907,2019,687
2403004,2019,992
2403103,2019,4021
2403202,2019,1098
2403251,2019,10996
2403301,2019,860
2403400,2019,1179
2403509,2019,1602
2403608,2019,4707
2403707,2019,959
2403756,2019,569
2403806,2019,1034
2403905,2019,418
2404002,2019,790
2404101,2019,286
2404200,2019,2538
2404309,2019,2015
2404408,2019,1603
2404507,2019,2102
2404606,2019,2040
2404705,2019,1635
2404804,2019,195
2404853,2019,1190
2404903,2019,1065
2405009,2019,1536
2405108,2019,1162
2405207,2019,834
2405306,2019,1443
2405405,2019,1609
2405504,2019,484
2405603,2019,2074
2405702,2019,944
2405801,2019,5751
2405900,2019,437
2406007,2019,863
2406106,2019,2597
2406155,2019,607
2406205,2019,1227
2406304,2019,1309
2406403,2019,533
2406502,2019,2559
2406601,2019,2266
2406700,2019,1285
2406809,2019,929
2406908,2019,562
2407005,2019,1470
2407104,2019,8692
2407203,2019,3120
2407252,2019,574
2407302,2019,1353
2407401,2019,1049
2407500,2019,1110
2407609,2019,801
2407708,2019,2072
2407807,2019,2601
2407906,2019,494
2408003,2019,18788
2408102,2019,44739
2408201,2019,3146
2408300,2019,6221
2408409,2019,612
2408508,2019,509
2408607,2019,640
2408706,2019,603
2408805,2019,879
2408904,2019,1979
2408953,2019,1977
2409100,2019,2148
2409209,2019,386
2409308,2019,2263
2409332,2019,1182
2409407,2019,3326
2409506,2019,651
2409605,2019,465
2409704,2019,1192
2409803,2019,2137
2409902,2019,1629
2410009,2019,502
2410108,2019,1898
2410207,2019,992
2410256,2019,1005
2410306,2019,1408
2410405,2019,1555
2410504,2019,796
2410603,2019,437
2410702,2019,422
2410801,2019,592
2410900,2019,1258
2411007,2019,632
2411056,2019,414
2411106,2019,477
2411205,2019,4192
2411403,2019,1868
2411429,2019,325
2411502,2019,4080
2411601,2019,512
2411700,2019,894
2411809,2019,452
2411908,2019,613
2412005,2019,9901
2412104,2019,625
2412203,2019,4567
2412302,2019,2063
2412401,2019,348
2412500,2019,3129
2412559,2019,1267
2412609,2019,2795
2412708,2019,1066
2412807,2019,1512
2412906,2019,2006
2413003,2019,738
2413102,2019,1404
2413201,2019,530
2413300,2019,1111
2413359,2019,2188
2413409,2019,671
2413508,2019,1323
2413557,2019,794
2413607,2019,1065
2413706,2019,698
2413805,2019,288
2413904,2019,1880
2414001,2019,2472
2414100,2019,1272
2414159,2019,967
2414209,2019,1115
2414308,2019,232
2414407,2019,5012
2414456,2019,831
2414506,2019,1731
2414605,2019,2095
2414704,2019,880
2414753,2019,633
2414803,2019,1294
2414902,2019,344
2415008,2019,589
2500106,2019,1569
2500205,2019,822
2500304,2019,4722
2500403,2019,2526
2500502,2019,2572
2500536,2019,754
2500577,2019,523
2500601,2019,3829
2500700,2019,2616
2500734,2019,465
2500775,2019,1195
2500809,2019,3323
2500908,2019,2235
2501005,2019,2618
2501104,2019,3430
2501153,2019,327
2501203,2019,1192
2501302,2019,3750
2501351,2019,903
2501401,2019,1704
2501500,2019,3380
2501534,2019,932
2501575,2019,1176
2501609,2019,2677
2501708,2019,1329
2501807,2019,11896
2501906,2019,2427
2502003,2019,1309
2502052,2019,542
2502102,2019,1117
2502151,2019,770
2502201,2019,369
2502300,2019,859
2502409,2019,1621
2502508,2019,3166
2502607,2019,1105
2502706,2019,784
2502805,2019,2165
2502904,2019,1048
2503001,2019,4068
2503100,2019,731
2503209,2019,7293
2503308,2019,1539
2503407,2019,804
2503506,2019,2863
2503555,2019,1503
2503605,2019,1261
2503704,2019,8329
2503753,2019,821
2503803,2019,1178
2503902,2019,1119
2504009,2019,24093
2504033,2019,1174
2504074,2019,708
2504108,2019,431
2504157,2019,1307
2504207,2019,960
2504306,2019,4146
2504355,2019,882
2504405,2019,3260
2504504,2019,1212
2504603,2019,5050
2504702,2019,964
2504801,2019,2927
2504850,2019,369
2504900,2019,3769
2505006,2019,1395
2505105,2019,3880
2505204,2019,1106
2505238,2019,1656
2505279,2019,1249
2505303,2019,431
2505352,2019,978
2505402,2019,1983
2505501,2019,508
2505600,2019,1154
2505709,2019,1771
2505808,2019,733
2505907,2019,581
2506004,2019,5492
2506103,2019,2161
2506202,2019,458
2506251,2019,1836
2506301,2019,5308
2506400,2019,2425
2506509,2019,622
2506608,2019,1073
2506707,2019,1802
2506806,2019,4455
2506905,2019,4854
2507002,2019,2766
2507101,2019,2814
2507200,2019,2096
2507309,2019,2910
2507408,2019,1241
2507507,2019,58231
2507606,2019,1569
2507705,2019,2634
2507804,2019,1076
2507903,2019,1495
2508000,2019,1647
2508109,2019,834
2508208,2019,1529
2508307,2019,3335
2508406,2019,484
2508505,2019,1326
2508554,2019,629
2508604,2019,1636
2508703,2019,702
2508802,2019,940
2508901,2019,6864
2509008,2019,1884
2509057,2019,1883
2509107,2019,3915
2509156,2019,1219
2509206,2019,2181
2509305,2019,1599
2509339,2019,754
2509370,2019,421
2509396,2019,1183
2509404,2019,2831
2509503,2019,1129
2509602,2019,752
2509701,2019,5564
2509800,2019,1754
2509909,2019,1234
2510006,2019,1378
2510105,2019,2026
2510204,2019,1221
2510303,2019,567
2510402,2019,1191
2510501,2019,659
2510600,2019,611
2510659,2019,243
2510709,2019,476
2510808,2019,10349
2510907,2019,1780
2511004,2019,520
2511103,2019,1060
2511202,2019,4575
2511301,2019,2848
2511400,2019,3037
2511509,2019,1889
2511608,2019,1428
2511707,2019,1120
2511806,2019,1483
2511905,2019,3472
2512002,2019,3109
2512036,2019,627
2512077,2019,583
2512101,2019,4379
2512200,2019,687
2512309,2019,3093
2512408,2019,2186
2512507,2019,6526
2512606,2019,327
2512705,2019,3024
2512721,2019,1026
2512747,2019,478
2512754,2019,772
2512762,2019,949
2512788,2019,371
2512804,2019,1588
2512903,2019,4273
2513000,2019,616
2513109,2019,1884
2513158,2019,1159
2513208,2019,813
2513307,2019,1466
2513356,2019,668
2513406,2019,2108
2513505,2019,755
2513604,2019,1231
2513653,2019,412
2513703,2019,12634
2513802,2019,821
2513851,2019,403
2513901,2019,3658
2513927,2019,600
2513943,2019,352
2513968,2019,393
2513984,2019,476
2514008,2019,697
2514107,2019,1033
2514206,2019,1206
2514305,2019,1130
2514404,2019,687
2514453,2019,1128
2514503,2019,3069
2514552,2019,609
2514602,2019,640
2514651,2019,269
2514701,2019,568
2514800,2019,576
2514909,2019,1063
2515005,2019,1485
2515104,2019,1512
2515203,2019,514
2515302,2019,9773
2515401,2019,2036
2515500,2019,2321
2515609,2019,353
2515708,2019,559
2515807,2019,1343
2515906,2019,1057
2515930,2019,539
2515971,2019,1629
2516003,2019,4517
2516102,2019,1992
2516151,2019,756
2516201,2019,11518
2516300,2019,2853
2516409,2019,1484
2516508,2019,2875
2516607,2019,2395
2516706,2019,2876
2516755,2019,405
2516805,2019,1622
2516904,2019,1902
2517001,2019,1412
2517100,2019,324
2517209,2019,789
2517407,2019,360
2600054,2019,17113
2600104,2019,4909
2600203,2019,4547
2600302,2019,4229
2600401,2019,4282
2600500,2019,9810
2600609,2019,2560
2600708,2019,6628
2600807,2019,4466
2600906,2019,3100
2601003,2019,2013
2601052,2019,3635
2601102,2019,16310
2601201,2019,7954
2601300,2019,2021
2601409,2019,8682
2601508,2019,2492
2601607,2019,4602
2601706,2019,11745
2601805,2019,2277
2601904,2019,12413
2602001,2019,7692
2602100,2019,7787
2602209,2019,7894
2602308,2019,7317
2602407,2019,1785
2602506,2019,1390
2602605,2019,8559
2602704,2019,2741
2602803,2019,9368
2602902,2019,21909
2603009,2019,6675
2603108,2019,3295
2603207,2019,5034
2603306,2019,1710
2603405,2019,1397
2603454,2019,11754
2603504,2019,3802
2603603,2019,1515
2603702,2019,3573
2603801,2019,3086
2603900,2019,2472
2603926,2019,2408
2604007,2019,10537
2604106,2019,30052
2604155,2019,2725
2604205,2019,8775
2604304,2019,1700
2604403,2019,2464
2604502,2019,4062
2604601,2019,2767
2604700,2019,3680
2604809,2019,2349
2604908,2019,3942
2605004,2019,3571
2605103,2019,6694
2605152,2019,2079
2605202,2019,11663
2605301,2019,6721
2605400,2019,5304
2605459,2019,2
2605509,2019,1535
2605608,2019,4043
2605707,2019,5184
2605806,2019,3375
2605905,2019,4497
2606002,2019,17571
2606101,2019,4623
2606200,2019,9484
2606309,2019,1532
2606408,2019,13091
2606507,2019,3890
2606606,2019,5002
2606705,2019,1296
2606804,2019,14514
2606903,2019,2211
2607000,2019,5067
2607109,2019,830
2607208,2019,12540
2607307,2019,5231
2607406,2019,851
2607505,2019,5077
2607604,2019,3681
2607653,2019,4719
2607703,2019,2553
2607752,2019,3427
2607802,2019,2080
2607901,2019,62419
2607950,2019,1896
2608008,2019,4135
2608057,2019,2147
2608107,2019,4198
2608206,2019,2973
2608255,2019,1814
2608305,2019,2434
2608404,2019,2966
2608453,2019,2732
2608503,2019,2589
2608602,2019,2254
2608701,2019,3239
2608750,2019,3606
2608800,2019,6512
2608909,2019,8113
2609006,2019,2887
2609105,2019,2122
2609154,2019,3962
2609204,2019,2210
2609303,2019,2347
2609402,2019,9487
2609501,2019,3129
2609600,2019,32773
2609709,2019,3524
2609808,2019,3408
2609907,2019,11446
2610004,2019,10118
2610103,2019,1759
2610202,2019,3967
2610301,2019,2726
2610400,2019,2969
2610509,2019,5047
2610608,2019,9482
2610707,2019,34309
2610806,2019,4954
2610905,2019,13240
2611002,2019,5076
2611101,2019,29305
2611200,2019,2656
2611309,2019,5432
2611408,2019,2418
2611507,2019,3719
2611533,2019,1119
2611606,2019,91523
2611705,2019,4091
2611804,2019,5892
2611903,2019,3029
2612000,2019,2344
2612109,2019,1302
2612208,2019,6957
2612307,2019,2705
2612406,2019,3567
2612455,2019,2304
2612471,2019,1683
2612505,2019,13036
2612554,2019,2461
2612604,2019,8892
2612703,2019,2840
2612802,2019,1721
2612901,2019,1938
2613008,2019,7255
2613107,2019,5265
2613206,2019,4148
2613305,2019,4469
2613404,2019,2662
2613503,2019,6020
2613602,2019,5214
2613701,2019,11935
2613800,2019,2569
2613909,2019,9199
2614006,2019,2912
2614105,2019,5859
2614204,2019,4562
2614303,2019,2307
2614402,2019,843
2614501,2019,10252
2614600,2019,5235
2614709,2019,2954
2614808,2019,3161
2614857,2019,2923
2615003,2019,3395
2615102,2019,1171
2615201,2019,1502
2615300,2019,5082
2615409,2019,4482
2615508,2019,2271
2615607,2019,5065
2615706,2019,1941
2615805,2019,4861
2615904,2019,1522
2616001,2019,2921
2616100,2019,1320
2616183,2019,1714
2616209,2019,2750
2616308,2019,3623
2616407,2019,23099
2616506,2019,2599
2700102,2019,2856
2700201,2019,2687
2700300,2019,18997
2700409,2019,7612
2700508,2019,3950
2700607,2019,1257
2700706,2019,3336
2700805,2019,892
2700904,2019,1305
2701001,2019,3743
2701100,2019,1952
2701209,2019,2070
2701308,2019,3534
2701357,2019,1445
2701407,2019,6055
2701506,2019,2299
2701605,2019,4389
2701704,2019,2195
2701803,2019,1715
2701902,2019,1248
2702009,2019,1532
2702108,2019,4167
2702207,2019,717
2702306,2019,5216
2702355,2019,3872
2702405,2019,6245
2702504,2019,1850
2702553,2019,2509
2702603,2019,4213
2702702,2019,667
2702801,2019,2091
2702900,2019,5630
2703007,2019,2358
2703106,2019,4895
2703205,2019,3439
2703304,2019,2722
2703403,2019,1133
2703502,2019,1107
2703601,2019,1880
2703700,2019,990
2703759,2019,2242
2703809,2019,3422
2703908,2019,758
2704005,2019,3811
2704104,2019,3088
2704203,2019,4048
2704302,2019,57754
2704401,2019,3319
2704500,2019,4929
2704609,2019,2825
2704708,2019,7061
2704807,2019,1911
2704906,2019,643
2705002,2019,3524
2705101,2019,3467
2705200,2019,1693
2705309,2019,736
2705408,2019,1570
2705507,2019,4111
2705606,2019,1964
2705705,2019,2717
2705804,2019,1732
2705903,2019,1339
2706000,2019,2102
2706109,2019,2619
2706208,2019,897
2706307,2019,11235
2706406,2019,3604
2706422,2019,1745
2706448,2019,2222
2706505,2019,2047
2706604,2019,1265
2706703,2019,10131
2706802,2019,4161
2706901,2019,5418
2707008,2019,328
2707107,2019,3953
2707206,2019,2508
2707305,2019,5446
2707404,2019,1687
2707503,2019,4000
2707602,2019,2344
2707701,2019,10445
2707800,2019,1260
2707909,2019,855
2708006,2019,7925
2708105,2019,1778
2708204,2019,1086
2708303,2019,3290
2708402,2019,6200
2708501,2019,6521
2708600,2019,7866
2708709,2019,1267
2708808,2019,5817
2708907,2019,1587
2708956,2019,2301
2709004,2019,1035
2709103,2019,2527
2709152,2019,5209
2709202,2019,3805
2709301,2019,9357
2709400,2019,4170
2800100,2019,384
2800209,2019,2779
2800308,2019,30989
2800407,2019,1849
2800506,2019,2234
2800605,2019,2608
2800670,2019,4140
2800704,2019,1466
2801009,2019,2326
2801108,2019,981
2801207,2019,5118
2801306,2019,5871
2801405,2019,3871
2801504,2019,2577
2801603,2019,706
2801702,2019,3503
2801900,2019,786
2802007,2019,729
2802106,2019,8931
2802205,2019,1182
2802304,2019,2488
2802403,2019,2528
2802502,2019,429
2802601,2019,1626
2802700,2019,1702
2802809,2019,2580
2802908,2019,10334
2803005,2019,7489
2803104,2019,824
2803203,2019,5022
2803302,2019,2749
2803401,2019,3711
2803500,2019,16321
2803609,2019,3208
2803708,2019,1394
2803807,2019,545
2803906,2019,2220
2804003,2019,2237
2804102,2019,1114
2804201,2019,3406
2804300,2019,1361
2804409,2019,3013
2804458,2019,1449
2804508,2019,7180
2804607,2019,4905
2804706,2019,1092
2804805,2019,24256
2804904,2019,2351
2805000,2019,672
2805109,2019,1633
2805208,2019,1072
2805307,2019,1677
2805406,2019,6810
2805505,2019,4163
2805604,2019,5476
2805703,2019,3713
2805802,2019,3461
2805901,2019,1824
2806008,2019,2136
2806107,2019,1738
2806206,2019,3147
2806305,2019,2645
2806404,2019,1766
2806503,2019,693
2806602,2019,2361
2806701,2019,12586
2806800,2019,1633
2806909,2019,560
2807006,2019,731
2807105,2019,10429
2807204,2019,1407
2807303,2019,712
2807402,2019,8256
2807501,2019,2217
2807600,2019,3802
2900108,2019,1623
2900207,2019,4013
2900306,2019,2887
2900355,2019,3198
2900405,2019,2770
2900504,2019,1251
2900603,2019,663
2900702,2019,21198
2900801,2019,3224
2900900,2019,1253
2901007,2019,4981
2901106,2019,3220
2901155,2019,2558
2901205,2019,4444
2901304,2019,2765
2901353,2019,2518
2901403,2019,2831
2901502,2019,1561
2901601,2019,2207
2901700,2019,2438
2901809,2019,1922
2901908,2019,2972
2901957,2019,1438
2902005,2019,2490
2902054,2019,2291
2902104,2019,9018
2902203,2019,1906
2902252,2019,2216
2902302,2019,1894
2902401,2019,2334
2902500,2019,2676
2902609,2019,3453
2902658,2019,2133
2902708,2019,8439
2902807,2019,3706
2902906,2019,5679
2903003,2019,2292
2903102,2019,913
2903201,2019,10812
2903235,2019,2565
2903276,2019,2454
2903300,2019,1366
2903409,2019,3023
2903508,2019,2689
2903607,2019,3701
2903706,2019,2833
2903805,2019,3904
2903904,2019,8339
2903953,2019,1740
2904001,2019,2132
2904050,2019,2802
2904100,2019,3312
2904209,2019,1829
2904308,2019,1784
2904407,2019,1419
2904506,2019,1992
2904605,2019,5750
2904704,2019,1984
2904753,2019,4264
2904803,2019,974
2904852,2019,3291
2904902,2019,5930
2905008,2019,1765
2905107,2019,2318
2905156,2019,2668
2905206,2019,5445
2905305,2019,3431
2905404,2019,2383
2905503,2019,3286
2905602,2019,3357
2905701,2019,28333
2905800,2019,5091
2905909,2019,4875
2906006,2019,12643
2906105,2019,1376
2906204,2019,4647
2906303,2019,5527
2906402,2019,1478
2906501,2019,7766
2906600,2019,2188
2906709,2019,4254
2906808,2019,7296
2906824,2019,3314
2906857,2019,1540
2906873,2019,3595
2906899,2019,1597
2906907,2019,3092
2907004,2019,1826
2907103,2019,5840
2907202,2019,13293
2907301,2019,4630
2907400,2019,609
2907509,2019,6612
2907558,2019,1176
2907608,2019,1991
2907707,2019,1966
2907806,2019,5438
2907905,2019,3258
2908002,2019,3816
2908101,2019,3153
2908200,2019,3148
2908309,2019,3238
2908408,2019,10049
2908507,2019,4480
2908606,2019,4212
2908705,2019,2538
2908804,2019,758
2908903,2019,6861
2909000,2019,1133
2909109,2019,2972
2909208,2019,4124
2909307,2019,4797
2909406,2019,2439
2909505,2019,862
2909604,2019,3996
2909703,2019,2114
2909802,2019,5901
2909901,2019,6469
2910008,2019,2100
2910057,2019,10255
2910107,2019,1642
2910206,2019,697
2910305,2019,1085
2910404,2019,3392
2910503,2019,4373
2910602,2019,3631
2910701,2019,10392
2910727,2019,8801
2910750,2019,3592
2910776,2019,855
2910800,2019,31443
2910859,2019,3829
2910909,2019,1107
2911006,2019,1626
2911105,2019,3820
2911204,2019,4764
2911253,2019,1160
2911303,2019,1685
2911402,2019,2378
2911501,2019,1602
2911600,2019,2858
2911659,2019,1117
2911709,2019,11058
2911808,2019,3246
2911857,2019,2054
2911907,2019,4716
2912004,2019,1291
2912103,2019,3746
2912202,2019,2651
2912301,2019,2811
2912400,2019,2974
2912509,2019,1784
2912608,2019,958
2912707,2019,3043
2912806,2019,1088
2912905,2019,3099
2913002,2019,2155
2913101,2019,3524
2913200,2019,3072
2913309,2019,1098
2913408,2019,2563
2913457,2019,2158
2913507,2019,4243
2913606,2019,17991
2913705,2019,5422
2913804,2019,2338
2913903,2019,7710
2914000,2019,7272
2914109,2019,1497
2914208,2019,1244
2914307,2019,1917
2914406,2019,4142
2914505,2019,6249
2914604,2019,9519
2914653,2019,5456
2914703,2019,8933
2914802,2019,16126
2914901,2019,3861
2915007,2019,3511
2915106,2019,2323
2915205,2019,2560
2915304,2019,1041
2915353,2019,2236
2915403,2019,1226
2915502,2019,2883
2915601,2019,8522
2915700,2019,1506
2915809,2019,3465
2915908,2019,1363
2916005,2019,2480
2916104,2019,4336
2916203,2019,1698
2916302,2019,1815
2916401,2019,5697
2916500,2019,6609
2916609,2019,1044
2916708,2019,1327
2916807,2019,2380
2916856,2019,2762
2916906,2019,2205
2917003,2019,6107
2917102,2019,2703
2917201,2019,2586
2917300,2019,4308
2917334,2019,1729
2917359,2019,1810
2917409,2019,2077
2917508,2019,10698
2917607,2019,4180
2917706,2019,4217
2917805,2019,3804
2917904,2019,1822
2918001,2019,12439
2918100,2019,7441
2918209,2019,2543
2918308,2019,2727
2918357,2019,3497
2918407,2019,27873
2918456,2019,1504
2918506,2019,2483
2918555,2019,1402
2918605,2019,992
2918704,2019,573
2918753,2019,1773
2918803,2019,3554
2918902,2019,670
2919009,2019,688
2919058,2019,1517
2919108,2019,1988
2919157,2019,4500
2919207,2019,13904
2919306,2019,1462
2919405,2019,1533
2919504,2019,5243
2919553,2019,9681
2919603,2019,1926
2919702,2019,2692
2919801,2019,5405
2919900,2019,1669
2919926,2019,2243
2919959,2019,1310
2920007,2019,1595
2920106,2019,3789
2920205,2019,2836
2920304,2019,1057
2920403,2019,2622
2920452,2019,2400
2920502,2019,3271
2920601,2019,9096
2920700,2019,4120
2920809,2019,2256
2920908,2019,2474
2921005,2019,5759
2921054,2019,2261
2921104,2019,2513
2921203,2019,4145
2921302,2019,2098
2921401,2019,3360
2921450,2019,1492
2921500,2019,9634
2921609,2019,1763
2921708,2019,4903
2921807,2019,1269
2921906,2019,1755
2922003,2019,3414
2922052,2019,2871
2922102,2019,4406
2922201,2019,1365
2922250,2019,2268
2922300,2019,6071
2922409,2019,2895
2922508,2019,3306
2922607,2019,2517
2922656,2019,2155
2922706,2019,2778
2922730,2019,1509
2922755,2019,896
2922805,2019,1723
2922854,2019,1549
2922904,2019,4581
2923001,2019,5319
2923035,2019,2049
2923050,2019,1892
2923100,2019,4695
2923209,2019,3676
2923308,2019,1676
2923357,2019,3361
2923407,2019,3455
2923506,2019,1603
2923605,2019,2881
2923704,2019,8035
2923803,2019,4599
2923902,2019,2630
2924009,2019,13201
2924058,2019,2756
2924108,2019,1544
2924207,2019,2688
2924306,2019,2450
2924405,2019,6761
2924504,2019,2293
2924603,2019,2919
2924652,2019,1424
2924678,2019,1211
2924702,2019,1711
2924801,2019,4360
2924900,2019,1257
2925006,2019,3579
2925105,2019,7154
2925204,2019,4432
2925253,2019,3941
2925303,2019,10614
2925402,2019,2694
2925501,2019,4186
2925600,2019,2857
2925709,2019,2579
2925758,2019,5147
2925808,2019,5118
2925907,2019,5352
2925931,2019,1849
2925956,2019,3749
2926004,2019,7163
2926103,2019,2509
2926202,2019,4642
2926301,2019,4825
2926400,2019,4995
2926509,2019,3514
2926608,2019,7369
2926657,2019,1586
2926707,2019,1844
2926806,2019,2265
2926905,2019,1215
2927002,2019,5880
2927101,2019,1965
2927200,2019,5879
2927309,2019,3418
2927408,2019,167047
2927507,2019,4072
2927606,2019,2469
2927705,2019,3062
2927804,2019,1124
2927903,2019,2639
2928000,2019,7594
2928059,2019,2008
2928109,2019,5889
2928208,2019,3892
2928307,2019,2093
2928406,2019,6136
2928505,2019,1486
2928604,2019,11813
2928703,2019,9428
2928802,2019,6937
2928901,2019,4740
2928950,2019,1681
2929008,2019,1795
2929057,2019,2302
2929107,2019,3204
2929206,2019,7137
2929255,2019,3461
2929305,2019,3444
2929354,2019,1448
2929370,2019,2196
2929404,2019,1647
2929503,2019,6046
2929602,2019,3299
2929701,2019,2705
2929750,2019,3287
2929800,2019,2084
2929909,2019,7242
2930006,2019,1610
2930105,2019,9752
2930154,2019,4296
2930204,2019,7518
2930303,2019,2689
2930402,2019,2785
2930501,2019,13860
2930600,2019,2059
2930709,2019,14011
2930758,2019,2426
2930766,2019,2649
2930774,2019,3223
2930808,2019,3220
2930907,2019,1643
2931004,2019,3443
2931053,2019,2322
2931103,2019,1618
2931202,2019,3135
2931301,2019,2731
2931350,2019,11019
2931400,2019,1606
2931509,2019,3091
2931608,2019,2667
2931707,2019,3194
2931806,2019,2828
2931905,2019,10345
2932002,2019,5190
2932101,2019,3421
2932200,2019,1977
2932309,2019,1971
2932408,2019,2675
2932457,2019,2805
2932507,2019,3570
2932606,2019,2449
2932705,2019,4162
2932804,2019,3020
2932903,2019,8206
2933000,2019,3529
2933059,2019,2814
2933109,2019,1310
2933158,2019,2576
2933174,2019,1675
2933208,2019,8305
2933257,2019,917
2933307,2019,20033
2933406,2019,1309
2933455,2019,1953
2933505,2019,5052
2933604,2019,10448
3100104,2019,274
3100203,2019,539
3100302,2019,999
3100401,2019,505
3100500,2019,812
3100609,2019,2225
3100708,2019,147
3100807,2019,233
3100906,2019,2707
3101003,2019,2162
3101102,2019,2003
3101201,2019,243
3101300,2019,205
3101409,2019,88
3101508,2019,1872
3101607,2019,2209
3101631,2019,381
3101706,2019,5052
3101805,2019,815
3101904,2019,622
3102001,2019,660
3102050,2019,504
3102100,2019,1542
3102209,2019,652
3102308,2019,1155
3102407,2019,527
3102506,2019,560
3102605,2019,727
3102704,2019,1675
3102803,2019,1101
3102852,2019,1015
3102902,2019,584
3103009,2019,698
3103108,2019,116
3103207,2019,178
3103306,2019,144
3103405,2019,3273
3103504,2019,3900
3103603,2019,235
3103702,2019,513
3103751,2019,273
3103801,2019,85
3103900,2019,140
3104007,2019,3546
3104106,2019,212
3104205,2019,1027
3104304,2019,434
3104403,2019,231
3104452,2019,699
3104502,2019,2522
3104601,2019,461
3104700,2019,2226
3104809,2019,469
3104908,2019,1207
3105004,2019,588
3105103,2019,567
3105202,2019,580
3105301,2019,144
3105400,2019,1467
3105509,2019,516
3105608,2019,4378
3105707,2019,580
3105905,2019,1787
3106002,2019,601
3106101,2019,183
3106200,2019,58073
3106309,2019,2172
3106408,2019,400
3106507,2019,1039
3106606,2019,787
3106655,2019,854
3106705,2019,27604
3106804,2019,446
3106903,2019,670
3107000,2019,261
3107109,2019,1243
3107208,2019,485
3107307,2019,5544
3107406,2019,1414
3107505,2019,430
3107604,2019,218
3107703,2019,380
3107802,2019,2368
3107901,2019,883
3108008,2019,423
3108107,2019,589
3108206,2019,267
3108255,2019,1475
3108305,2019,564
3108404,2019,565
3108503,2019,962
3108552,2019,1602
3108602,2019,3607
3108701,2019,522
3108800,2019,501
3108909,2019,429
3109006,2019,1390
3109105,2019,279
3109204,2019,852
3109253,2019,490
3109303,2019,2458
3109402,2019,3483
3109451,2019,587
3109501,2019,619
3109600,2019,175
3109709,2019,298
3109808,2019,110
3109907,2019,523
3110004,2019,1601
3110103,2019,402
3110202,2019,335
3110301,2019,527
3110400,2019,119
3110509,2019,980
3110608,2019,871
3110707,2019,755
3110806,2019,607
3110905,2019,738
3111002,2019,429
3111101,2019,948
3111150,2019,793
3111200,2019,2008
3111309,2019,779
3111408,2019,622
3111507,2019,704
3111606,2019,1096
3111705,2019,425
3111804,2019,409
3111903,2019,347
3112000,2019,551
3112059,2019,424
3112109,2019,652
3112208,2019,361
3112307,2019,2695
3112406,2019,418
3112505,2019,346
3112604,2019,727
3112653,2019,643
3112703,2019,1859
3112802,2019,154
3112901,2019,1202
3113008,2019,2924
3113107,2019,266
3113206,2019,1393
3113305,2019,2237
3113404,2019,3560
3113503,2019,862
3113602,2019,361
3113701,2019,1982
3113800,2019,148
3113909,2019,794
3114006,2019,461
3114105,2019,810
3114204,2019,327
3114303,2019,934
3114402,2019,821
3114501,2019,557
3114550,2019,304
3114600,2019,156
3114709,2019,123
3114808,2019,537
3114907,2019,101
3115003,2019,170
3115102,2019,925
3115201,2019,323
3115300,2019,2141
3115359,2019,194
3115409,2019,317
3115458,2019,1282
3115474,2019,877
3115508,2019,1059
3115607,2019,97
3115706,2019,908
3115805,2019,866
3115904,2019,224
3116001,2019,1142
3116100,2019,1097
3116159,2019,1826
3116209,2019,251
3116308,2019,768
3116407,2019,209
3116506,2019,1079
3116605,2019,718
3116704,2019,582
3116803,2019,1074
3116902,2019,288
3117009,2019,1412
3117108,2019,541
3117207,2019,190
3117306,2019,900
3117405,2019,560
3117504,2019,1879
3117603,2019,254
3117702,2019,800
3117801,2019,321
3117836,2019,1351
3117876,2019,224
3117900,2019,456
3118007,2019,1272
3118106,2019,472
3118205,2019,345
3118304,2019,1881
3118403,2019,1967
3118502,2019,170
3118601,2019,23455
3118700,2019,620
3118809,2019,3728
3118908,2019,770
3119005,2019,356
3119104,2019,1862
3119203,2019,951
3119302,2019,1272
3119401,2019,5178
3119500,2019,1071
3119609,2019,227
3119708,2019,115
3119807,2019,77
3119906,2019,158
3119955,2019,65
3120003,2019,314
3120102,2019,404
3120151,2019,890
3120201,2019,471
3120300,2019,1526
3120409,2019,259
3120508,2019,430
3120607,2019,316
3120706,2019,307
3120805,2019,1184
3120839,2019,363
3120870,2019,1449
3120904,2019,3918
3121001,2019,598
3121100,2019,396
3121209,2019,264
3121258,2019,916
3121308,2019,301
3121407,2019,305
3121506,2019,269
3121605,2019,3046
3121704,2019,469
3121803,2019,597
3121902,2019,149
3122009,2019,2198
3122108,2019,616
3122207,2019,937
3122306,2019,2562
3122355,2019,1009
3122405,2019,201
3122454,2019,1612
3122470,2019,344
3122504,2019,274
3122603,2019,467
3122702,2019,268
3122801,2019,114
3122900,2019,231
3123007,2019,241
3123106,2019,311
3123205,2019,471
3123304,2019,453
3123403,2019,98
3123502,2019,109
3123528,2019,892
3123601,2019,738
3123700,2019,789
3123809,2019,1447
3123858,2019,542
3123908,2019,633
3124005,2019,1163
3124104,2019,5258
3124203,2019,1961
3124302,2019,4302
3124401,2019,389
3124500,2019,441
3124609,2019,167
3124708,2019,135
3124807,2019,411
3124906,2019,822
3125002,2019,482
3125101,2019,1086
3125200,2019,60
3125309,2019,367
3125408,2019,594
3125507,2019,343
3125606,2019,1196
3125705,2019,898
3125804,2019,234
3125903,2019,803
3125952,2019,987
3126000,2019,207
3126109,2019,1398
3126208,2019,1368
3126307,2019,94
3126406,2019,150
3126505,2019,924
3126604,2019,664
3126703,2019,2792
3126752,2019,752
3126802,2019,884
3126901,2019,1519
3126950,2019,578
3127008,2019,883
3127057,2019,868
3127073,2019,646
3127107,2019,1527
3127206,2019,447
3127305,2019,717
3127339,2019,691
3127354,2019,340
3127370,2019,326
3127388,2019,211
3127404,2019,87
3127503,2019,554
3127602,2019,574
3127701,2019,11319
3127800,2019,1361
3127909,2019,52
3128006,2019,1854
3128105,2019,514
3128204,2019,985
3128253,2019,877
3128303,2019,551
3128402,2019,470
3128501,2019,312
3128600,2019,356
3128709,2019,1376
3128808,2019,549
3128907,2019,659
3129004,2019,541
3129103,2019,372
3129202,2019,349
3129301,2019,932
3129400,2019,379
3129509,2019,1041
3129608,2019,1143
3129657,2019,916
3129707,2019,515
3129806,2019,10153
3129905,2019,160
3130002,2019,190
3130051,2019,1514
3130101,2019,2407
3130200,2019,186
3130309,2019,435
3130408,2019,312
3130507,2019,520
3130556,2019,1353
3130606,2019,280
3130655,2019,1022
3130705,2019,420
3130804,2019,111
3130903,2019,2601
3131000,2019,706
3131109,2019,600
3131158,2019,1067
3131208,2019,1697
3131307,2019,11935
3131406,2019,207
3131505,2019,477
3131604,2019,478
3131703,2019,3493
3131802,2019,844
3131901,2019,1302
3132008,2019,705
3132107,2019,1933
3132206,2019,489
3132305,2019,1971
3132404,2019,2681
3132503,2019,2576
3132602,2019,207
3132701,2019,2885
3132800,2019,140
3132909,2019,357
3133006,2019,385
3133105,2019,285
3133204,2019,823
3133303,2019,1911
3133402,2019,523
3133501,2019,670
3133600,2019,476
3133709,2019,666
3133758,2019,346
3133808,2019,2031
3133907,2019,486
3134004,2019,2146
3134103,2019,691
3134202,2019,1967
3134301,2019,323
3134400,2019,2265
3134509,2019,183
3134608,2019,923
3134707,2019,1549
3134806,2019,178
3134905,2019,269
3135001,2019,127
3135050,2019,6152
3135076,2019,903
3135100,2019,5428
3135209,2019,7775
3135308,2019,182
3135357,2019,1366
3135407,2019,280
3135456,2019,619
3135506,2019,916
3135605,2019,1481
3135704,2019,404
3135803,2019,2510
3135902,2019,422
3136009,2019,2460
3136108,2019,480
3136207,2019,2359
3136306,2019,3285
3136405,2019,311
3136504,2019,941
3136520,2019,451
3136553,2019,648
3136579,2019,677
3136603,2019,426
3136652,2019,2108
3136702,2019,12973
3136801,2019,538
3136900,2019,269
3136959,2019,916
3137007,2019,1950
3137106,2019,587
3137205,2019,1755
3137304,2019,613
3137403,2019,492
3137502,2019,749
3137536,2019,778
3137601,2019,1885
3137700,2019,2144
3137809,2019,1014
3137908,2019,242
3138005,2019,534
3138104,2019,857
3138203,2019,3732
3138302,2019,122
3138351,2019,405
3138401,2019,1746
3138500,2019,429
3138609,2019,920
3138625,2019,323
3138658,2019,1423
3138674,2019,597
3138682,2019,1049
3138708,2019,231
3138807,2019,521
3138906,2019,967
3139003,2019,1154
3139102,2019,165
3139201,2019,1538
3139250,2019,787
3139300,2019,2425
3139409,2019,2079
3139508,2019,2175
3139607,2019,1650
3139706,2019,690
3139805,2019,371
3139904,2019,617
3140001,2019,4971
3140100,2019,781
3140159,2019,806
3140209,2019,103
3140308,2019,301
3140407,2019,279
3140506,2019,640
3140530,2019,873
3140555,2019,1505
3140605,2019,605
3140704,2019,1811
3140803,2019,563
3140852,2019,985
3140902,2019,2254
3141009,2019,1730
3141108,2019,1948
3141207,2019,106
3141306,2019,185
3141405,2019,1927
3141504,2019,693
3141603,2019,738
3141702,2019,443
3141801,2019,2550
3141900,2019,217
3142007,2019,1642
3142106,2019,882
3142205,2019,415
3142254,2019,647
3142304,2019,390
3142403,2019,423
3142502,2019,146
3142601,2019,439
3142700,2019,1841
3142809,2019,1081
3142908,2019,2454
3143005,2019,562
3143104,2019,1119
3143153,2019,551
3143203,2019,881
3143302,2019,14117
3143401,2019,444
3143450,2019,744
3143500,2019,204
3143609,2019,150
3143708,2019,381
3143807,2019,265
3143906,2019,3243
3144003,2019,1707
3144102,2019,811
3144201,2019,427
3144300,2019,2422
3144359,2019,844
3144375,2019,345
3144409,2019,210
3144508,2019,669
3144607,2019,937
3144656,2019,1385
3144672,2019,497
3144706,2019,916
3144805,2019,1728
3144904,2019,453
3145000,2019,537
3145059,2019,1075
3145109,2019,715
3145208,2019,779
3145307,2019,3479
3145356,2019,1501
3145372,2019,568
3145406,2019,141
3145455,2019,1171
3145505,2019,245
3145604,2019,1166
3145703,2019,109
3145802,2019,129
3145851,2019,256
3145877,2019,878
3145901,2019,1117
3146008,2019,287
3146107,2019,2878
3146206,2019,1272
3146255,2019,949
3146305,2019,3248
3146404,2019,250
3146503,2019,234
3146552,2019,640
3146602,2019,123
3146701,2019,686
3146750,2019,1103
3146909,2019,794
3147006,2019,2491
3147105,2019,1940
3147204,2019,572
3147303,2019,574
3147402,2019,1216
3147501,2019,139
3147600,2019,439
3147709,2019,178
3147808,2019,137
3147907,2019,2787
3147956,2019,908
3148004,2019,2095
3148103,2019,2596
3148202,2019,485
3148301,2019,673
3148400,2019,485
3148509,2019,1220
3148608,2019,1782
3148707,2019,3414
3148756,2019,1204
3148806,2019,437
3148905,2019,144
3149002,2019,239
3149101,2019,703
3149150,2019,1284
3149200,2019,174
3149309,2019,1757
3149408,2019,206
3149507,2019,138
3149606,2019,390
3149705,2019,317
3149804,2019,397
3149903,2019,502
3149952,2019,771
3150000,2019,507
3150109,2019,141
3150158,2019,1311
3150208,2019,252
3150307,2019,140
3150406,2019,456
3150505,2019,450
3150539,2019,497
3150570,2019,943
3150604,2019,143
3150703,2019,167
3150802,2019,1209
3150901,2019,265
3151008,2019,357
3151107,2019,595
3151206,2019,4577
3151305,2019,472
3151404,2019,1299
3151503,2019,1436
3151602,2019,523
3151701,2019,393
3151800,2019,2708
3151909,2019,1178
3152006,2019,1223
3152105,2019,2694
3152131,2019,738
3152170,2019,1352
3152204,2019,3283
3152303,2019,2055
3152402,2019,1270
3152501,2019,3633
3152600,2019,107
3152709,2019,198
3152808,2019,531
3152907,2019,300
3153004,2019,233
3153103,2019,540
3153202,2019,245
3153301,2019,173
3153400,2019,1210
3153509,2019,679
3153608,2019,564
3153707,2019,167
3153806,2019,56
3153905,2019,415
3154002,2019,1827
3154101,2019,666
3154150,2019,526
3154200,2019,222
3154309,2019,1237
3154408,2019,454
3154457,2019,965
3154507,2019,1186
3154606,2019,14927
3154705,2019,193
3154804,2019,361
3154903,2019,883
3155009,2019,143
3155108,2019,805
3155207,2019,566
3155306,2019,266
3155405,2019,439
3155504,2019,487
3155603,2019,3448
3155702,2019,932
3155801,2019,738
3155900,2019,391
3156007,2019,1093
3156106,2019,333
3156205,2019,192
3156304,2019,285
3156403,2019,149
3156452,2019,290
3156502,2019,1037
3156601,2019,1312
3156700,2019,5015
3156809,2019,1225
3156908,2019,680
3157005,2019,3052
3157104,2019,892
3157203,2019,2287
3157252,2019,955
3157278,2019,172
3157302,2019,279
3157336,2019,388
3157377,2019,591
3157401,2019,422
3157500,2019,618
3157609,2019,795
3157658,2019,1268
3157708,2019,353
3157807,2019,13889
3157906,2019,2056
3158003,2019,344
3158102,2019,818
3158201,2019,1403
3158300,2019,320
3158409,2019,249
3158508,2019,565
3158607,2019,137
3158706,2019,241
3158805,2019,238
3158904,2019,862
3158953,2019,2269
3159001,2019,501
3159100,2019,287
3159209,2019,295
3159308,2019,349
3159357,2019,300
3159407,2019,247
3159506,2019,722
3159605,2019,764
3159704,2019,310
3159803,2019,932
3159902,2019,1689
3160009,2019,205
3160108,2019,360
3160207,2019,510
3160306,2019,1393
3160405,2019,574
3160454,2019,1470
3160504,2019,174
3160603,2019,317
3160702,2019,2212
3160801,2019,186
3160900,2019,139
3160959,2019,624
3161007,2019,826
3161056,2019,439
3161106,2019,7360
3161205,2019,304
3161304,2019,393
3161403,2019,401
3161502,2019,658
3161601,2019,500
3161650,2019,400
3161700,2019,484
3161809,2019,228
3161908,2019,656
3162005,2019,848
3162104,2019,1133
3162203,2019,116
3162252,2019,824
3162302,2019,166
3162401,2019,3732
3162450,2019,1888
3162500,2019,2853
3162559,2019,1768
3162575,2019,465
3162609,2019,768
3162658,2019,624
3162708,2019,1644
3162807,2019,1457
3162906,2019,1166
3162922,2019,2598
3162948,2019,187
3162955,2019,1485
3163003,2019,538
3163102,2019,194
3163201,2019,226
3163300,2019,532
3163409,2019,425
3163508,2019,731
3163607,2019,378
3163706,2019,1559
3163805,2019,864
3163904,2019,317
3164001,2019,329
3164100,2019,656
3164209,2019,1217
3164308,2019,186
3164407,2019,178
3164431,2019,175
3164472,2019,1233
3164506,2019,1155
3164605,2019,477
3164704,2019,2080
3164803,2019,92
3164902,2019,93
3165008,2019,244
3165107,2019,289
3165206,2019,416
3165305,2019,410
3165404,2019,326
3165503,2019,781
3165537,2019,921
3165552,2019,1742
3165560,2019,217
3165578,2019,468
3165602,2019,84
3165701,2019,528
3165800,2019,107
3165909,2019,540
3166006,2019,513
3166105,2019,319
3166204,2019,1160
3166303,2019,715
3166402,2019,57
3166501,2019,527
3166600,2019,14
3166709,2019,673
3166808,2019,1119
3166907,2019,491
3166956,2019,551
3167004,2019,201
3167103,2019,1176
3167202,2019,6797
3167301,2019,174
3167400,2019,390
3167509,2019,144
3167608,2019,1877
3167707,2019,911
3167806,2019,168
3167905,2019,216
3168002,2019,2793
3168051,2019,629
3168101,2019,222
3168200,2019,47
3168309,2019,360
3168408,2019,1408
3168507,2019,716
3168606,2019,6884
3168705,2019,2463
3168804,2019,330
3168903,2019,370
3169000,2019,750
3169059,2019,220
3169109,2019,141
3169208,2019,501
3169307,2019,1854
3169356,2019,1285
3169406,2019,2269
3169505,2019,1001
3169604,2019,2370
3169703,2019,1479
3169802,2019,207
3169901,2019,2403
3170008,2019,1575
3170057,2019,1193
3170107,2019,5754
3170206,2019,12451
3170305,2019,360
3170404,2019,3596
3170438,2019,394
3170479,2019,500
3170503,2019,359
3170529,2019,1283
3170578,2019,702
3170602,2019,110
3170651,2019,632
3170701,2019,1768
3170750,2019,235
3170800,2019,2134
3170909,2019,2861
3171006,2019,803
3171030,2019,1075
3171071,2019,646
3171105,2019,113
3171154,2019,629
3171204,2019,4904
3171303,2019,2619
3171402,2019,319
3171501,2019,546
3171600,2019,1350
3171709,2019,592
3171808,2019,556
3171907,2019,605
3172004,2019,1527
3172103,2019,596
3172202,2019,106
3200102,2019,2420
3200136,2019,616
3200169,2019,1757
3200201,2019,1315
3200300,2019,505
3200359,2019,848
3200409,2019,1662
3200508,2019,900
3200607,2019,3884
3200706,2019,436
3200805,2019,1949
3200904,2019,2719
3201001,2019,1194
3201100,2019,533
3201159,2019,947
3201209,2019,5828
3201308,2019,18634
3201407,2019,1053
3201506,2019,3116
3201605,2019,2107
3201704,2019,587
3201803,2019,319
3201902,2019,951
3202009,2019,430
3202108,2019,1971
3202207,2019,986
3202256,2019,444
3202306,2019,1943
3202405,2019,5056
3202454,2019,1312
3202504,2019,496
3202553,2019,984
3202603,2019,360
3202652,2019,1240
3202702,2019,989
3202801,2019,2226
3202900,2019,382
3203007,2019,1381
3203056,2019,2272
3203106,2019,714
3203130,2019,526
3203163,2019,779
3203205,2019,7204
3203304,2019,1283
3203320,2019,2554
3203346,2019,497
3203353,2019,364
3203403,2019,2229
3203502,2019,2000
3203601,2019,602
3203700,2019,1054
3203809,2019,1227
3203908,2019,2797
3204005,2019,1445
3204054,2019,1806
3204104,2019,2024
3204203,2019,931
3204252,2019,1020
3204302,2019,1373
3204351,2019,979
3204401,2019,507
3204500,2019,709
3204559,2019,1328
3204609,2019,637
3204658,2019,529
3204708,2019,1064
3204807,2019,799
3204906,2019,6731
3204955,2019,459
3205002,2019,21657
3205010,2019,1462
3205036,2019,762
3205069,2019,614
3205101,2019,4499
3205150,2019,624
3205176,2019,856
3205200,2019,10902
3205309,2019,13364
3300100,2019,9718
3300159,2019,635
3300209,2019,11734
3300225,2019,894
3300233,2019,1627
3300258,2019,1426
3300308,2019,4442
3300407,2019,6502
3300456,2019,47964
3300506,2019,969
3300605,2019,2209
3300704,2019,9719
3300803,2019,5057
3300902,2019,1314
3300936,2019,1115
3300951,2019,483
3301009,2019,39943
3301108,2019,968
3301157,2019,1002
3301207,2019,1706
3301306,2019,1815
3301405,2019,1830
3301504,2019,864
3301603,2019,602
3301702,2019,50077
3301801,2019,967
3301850,2019,5362
3301876,2019,1828
3301900,2019,19095
3302007,2019,8117
3302056,2019,1001
3302106,2019,1272
3302205,2019,3463
3302254,2019,1515
3302270,2019,10084
3302304,2019,793
3302403,2019,11011
3302452,2019,452
3302502,2019,17937
3302601,2019,1743
3302700,2019,6940
3302809,2019,1017
3302858,2019,11579
3302908,2019,1813
3303005,2019,2490
3303104,2019,1052
3303203,2019,7942
3303302,2019,15837
3303401,2019,5217
3303500,2019,64757
3303609,2019,4745
3303708,2019,1802
3303807,2019,1924
3303856,2019,1953
3303906,2019,10284
3303955,2019,1681
3304003,2019,1828
3304102,2019,1129
3304110,2019,1393
3304128,2019,715
3304144,2019,12077
3304151,2019,1683
3304201,2019,3108
3304300,2019,5326
3304409,2019,940
3304508,2019,569
3304524,2019,6920
3304557,2019,245621
3304607,2019,525
3304706,2019,1718
3304755,2019,4957
3304805,2019,3251
3304904,2019,59264
3305000,2019,3619
3305109,2019,16708
3305133,2019,581
3305158,2019,1132
3305208,2019,5192
3305307,2019,677
3305406,2019,1065
3305505,2019,3421
3305554,2019,8372
3305604,2019,2206
3305703,2019,1529
3305752,2019,3334
3305802,2019,5748
3305901,2019,858
3306008,2019,5251
3306107,2019,4927
3306156,2019,1081
3306206,2019,1594
3306305,2019,11743
3500105,2019,282
3500204,2019,145
3500303,2019,1254
3500402,2019,149
3500501,2019,295
3500550,2019,423
3500600,2019,39
3500709,2019,937
3500758,2019,172
3500808,2019,174
3500907,2019,148
3501004,2019,753
3501103,2019,166
3501152,2019,593
3501202,2019,91
3501301,2019,1315
3501400,2019,251
3501509,2019,159
3501608,2019,3940
3501707,2019,679
3501806,2019,222
3501905,2019,953
3502002,2019,189
3502101,2019,1948
3502200,2019,877
3502309,2019,437
3502408,2019,166
3502507,2019,705
3502606,2019,283
3502705,2019,2050
3502754,2019,1032
3502804,2019,4360
3502903,2019,1004
3503000,2019,227
3503109,2019,262
3503158,2019,160
3503208,2019,4292
3503307,2019,5488
3503356,2019,141
3503406,2019,265
3503505,2019,317
3503604,2019,384
3503703,2019,190
3503802,2019,1067
3503901,2019,3919
3503950,2019,70
3504008,2019,2349
3504107,2019,2827
3504206,2019,146
3504305,2019,330
3504404,2019,906
3504503,2019,2489
3504602,2019,250
3504701,2019,108
3504800,2019,161
3504909,2019,602
3505005,2019,285
3505104,2019,400
3505203,2019,753
3505302,2019,1074
3505351,2019,742
3505401,2019,723
3505500,2019,3074
3505609,2019,1828
3505708,2019,9400
3505807,2019,301
3505906,2019,1925
3506003,2019,10882
3506102,2019,2362
3506201,2019,129
3506300,2019,601
3506359,2019,3356
3506409,2019,204
3506508,2019,2103
3506607,2019,1923
3506706,2019,884
3506805,2019,349
3506904,2019,474
3507001,2019,1692
3507100,2019,1292
3507159,2019,392
3507209,2019,58
3507308,2019,268
3507407,2019,427
3507456,2019,147
3507506,2019,3407
3507605,2019,3974
3507704,2019,366
3507753,2019,201
3507803,2019,585
3507902,2019,339
3508009,2019,1622
3508108,2019,1114
3508207,2019,235
3508306,2019,189
3508405,2019,1033
3508504,2019,2384
3508603,2019,2011
3508702,2019,1128
3508801,2019,387
3508900,2019,138
3509007,2019,1550
3509106,2019,459
3509205,2019,6497
3509254,2019,1641
3509304,2019,538
3509403,2019,956
3509452,2019,289
3509502,2019,35824
3509601,2019,2568
3509700,2019,890
3509809,2019,269
3509908,2019,624
3509957,2019,413
3510005,2019,816
3510104,2019,94
3510153,2019,322
3510203,2019,3835
3510302,2019,1193
3510401,2019,2830
3510500,2019,5310
3510609,2019,21099
3510708,2019,240
3510807,2019,1117
3510906,2019,85
3511003,2019,567
3511102,2019,1704
3511201,2019,243
3511300,2019,124
3511409,2019,602
3511508,2019,560
3511607,2019,394
3511706,2019,728
3511904,2019,296
3512001,2019,709
3512100,2019,502
3512209,2019,1644
3512308,2019,653
3512407,2019,667
3512506,2019,271
3512605,2019,257
3512704,2019,162
3512803,2019,1328
3512902,2019,391
3513009,2019,4605
3513108,2019,1490
3513207,2019,307
3513306,2019,66
3513405,2019,2642
3513504,2019,6283
3513603,2019,1622
3513702,2019,642
3513801,2019,16941
3513850,2019,52
3513900,2019,485
3514007,2019,438
3514106,2019,909
3514205,2019,80
3514304,2019,468
3514403,2019,768
3514502,2019,456
3514601,2019,361
3514700,2019,504
3514809,2019,1067
3514908,2019,1045
3514924,2019,165
3514957,2019,59
3515004,2019,14529
3515103,2019,5159
3515129,2019,136
3515152,2019,638
3515186,2019,781
3515194,2019,108
3515202,2019,194
3515301,2019,72
3515350,2019,844
3515400,2019,561
3515509,2019,2263
3515608,2019,145
3515657,2019,67
3515707,2019,8562
3515806,2019,69
3515905,2019,126
3516002,2019,621
3516101,2019,230
3516200,2019,7075
3516309,2019,11825
3516408,2019,7452
3516507,2019,57
3516606,2019,144
3516705,2019,2008
3516804,2019,96
3516853,2019,161
3516903,2019,255
3517000,2019,491
3517109,2019,231
3517208,2019,401
3517307,2019,446
3517406,2019,1494
3517505,2019,300
3517604,2019,1053
3517703,2019,821
3517802,2019,274
3517901,2019,613
3518008,2019,100
3518107,2019,520
3518206,2019,666
3518305,2019,1897
3518404,2019,2959
3518503,2019,458
3518602,2019,1261
3518701,2019,8615
3518800,2019,40068
3518859,2019,401
3518909,2019,168
3519006,2019,459
3519055,2019,75
3519071,2019,9814
3519105,2019,480
3519204,2019,291
3519253,2019,348
3519303,2019,2067
3519402,2019,446
3519501,2019,691
3519600,2019,1993
3519709,2019,2971
3519808,2019,364
3519907,2019,428
3520004,2019,1403
3520103,2019,604
3520202,2019,615
3520301,2019,2610
3520400,2019,608
3520426,2019,786
3520442,2019,330
3520509,2019,2328
3520608,2019,236
3520707,2019,241
3520806,2019,107
3520905,2019,510
3521002,2019,1383
3521101,2019,211
3521150,2019,218
3521200,2019,380
3521309,2019,599
3521408,2019,400
3521507,2019,361
3521606,2019,416
3521705,2019,1390
3521804,2019,898
3521903,2019,402
3522000,2019,94
3522109,2019,9463
3522158,2019,352
3522208,2019,4820
3522307,2019,4510
3522406,2019,4028
3522505,2019,10741
3522604,2019,1743
3522653,2019,543
3522703,2019,484
3522802,2019,1135
3522901,2019,491
3523008,2019,324
3523107,2019,16998
3523206,2019,2704
3523305,2019,896
3523404,2019,1743
3523503,2019,858
3523602,2019,718
3523701,2019,654
3523800,2019,289
3523909,2019,5570
3524006,2019,1698
3524105,2019,1366
3524204,2019,254
3524303,2019,2711
3524402,2019,6346
3524501,2019,135
3524600,2019,934
3524709,2019,1204
3524808,2019,1079
3524907,2019,257
3525003,2019,2885
3525102,2019,1275
3525201,2019,1050
3525300,2019,2007
3525409,2019,180
3525508,2019,312
3525607,2019,202
3525706,2019,445
3525805,2019,326
3525854,2019,83
3525904,2019,4458
3526001,2019,828
3526100,2019,1050
3526209,2019,2370
3526308,2019,317
3526407,2019,1177
3526506,2019,157
3526605,2019,416
3526704,2019,1837
3526803,2019,1245
3526902,2019,11629
3527009,2019,185
3527108,2019,1838
3527207,2019,2916
3527256,2019,111
3527306,2019,1226
3527405,2019,923
3527504,2019,92
3527603,2019,586
3527702,2019,291
3527801,2019,174
3527900,2019,137
3528007,2019,315
3528106,2019,386
3528205,2019,115
3528304,2019,59
3528403,2019,1634
3528502,2019,2956
3528601,2019,305
3528700,2019,373
3528809,2019,696
3528858,2019,120
3528908,2019,245
3529005,2019,5692
3529104,2019,68
3529203,2019,1139
3529302,2019,2042
3529401,2019,6786
3529500,2019,77
3529609,2019,112
3529658,2019,58
3529708,2019,1423
3529807,2019,648
3529906,2019,1905
3530003,2019,79
3530102,2019,781
3530201,2019,916
3530300,2019,1024
3530409,2019,235
3530508,2019,2014
3530607,2019,26188
3530706,2019,2832
3530805,2019,1260
3530904,2019,225
3531001,2019,44
3531100,2019,3558
3531209,2019,112
3531308,2019,627
3531407,2019,1112
3531506,2019,490
3531605,2019,192
3531704,2019,202
3531803,2019,4747
3531902,2019,1589
3532009,2019,312
3532058,2019,154
3532108,2019,356
3532157,2019,142
3532207,2019,124
3532306,2019,348
3532405,2019,1050
3532504,2019,400
3532603,2019,282
3532702,2019,340
3532801,2019,183
3532827,2019,912
3532843,2019,76
3532868,2019,44
3532900,2019,467
3533007,2019,651
3533106,2019,163
3533205,2019,327
3533254,2019,168
3533304,2019,167
3533403,2019,901
3533502,2019,826
3533601,2019,226
3533700,2019,265
3533809,2019,106
3533908,2019,2044
3534005,2019,113
3534104,2019,235
3534203,2019,70
3534302,2019,806
3534401,2019,24010
3534500,2019,126
3534609,2019,1161
3534708,2019,2439
3534757,2019,484
3534807,2019,826
3534906,2019,348
3535002,2019,467
3535101,2019,212
3535200,2019,348
3535309,2019,1036
3535408,2019,994
3535507,2019,2677
3535606,2019,655
3535705,2019,216
3535804,2019,833
3535903,2019,199
3536000,2019,701
3536109,2019,143
3536208,2019,805
3536257,2019,169
3536307,2019,413
3536406,2019,612
3536505,2019,3179
3536570,2019,120
3536604,2019,463
3536703,2019,1717
3536802,2019,281
3536901,2019,27
3537008,2019,1046
3537107,2019,1273
3537156,2019,80
3537206,2019,889
3537305,2019,1666
3537404,2019,544
3537503,2019,191
3537602,2019,5665
3537701,2019,98
3537800,2019,1892
3537909,2019,784
3538006,2019,7086
3538105,2019,336
3538204,2019,539
3538303,2019,213
3538501,2019,551
3538600,2019,1107
3538709,2019,9932
3538808,2019,1260
3538907,2019,948
3539004,2019,184
3539103,2019,931
3539202,2019,549
3539301,2019,1185
3539400,2019,293
3539509,2019,1397
3539608,2019,191
3539707,2019,300
3539806,2019,6703
3539905,2019,270
3540002,2019,396
3540101,2019,136
3540200,2019,1392
3540259,2019,159
3540309,2019,95
3540408,2019,292
3540507,2019,264
3540606,2019,965
3540705,2019,991
3540754,2019,1017
3540804,2019,355
3540853,2019,186
3540903,2019,912
3541000,2019,6195
3541059,2019,533
3541109,2019,115
3541208,2019,424
3541307,2019,967
3541406,2019,5267
3541505,2019,1127
3541604,2019,1128
3541653,2019,238
3541703,2019,705
3541802,2019,129
3541901,2019,381
3542008,2019,394
3542107,2019,337
3542206,2019,1167
3542305,2019,332
3542404,2019,388
3542503,2019,144
3542602,2019,2999
3542701,2019,364
3542800,2019,369
3542909,2019,389
3543006,2019,1629
3543105,2019,236
3543204,2019,267
3543238,2019,128
3543253,2019,398
3543303,2019,3043
3543402,2019,9291
3543501,2019,612
3543600,2019,101
3543709,2019,495
3543808,2019,182
3543907,2019,3198
3544004,2019,518
3544103,2019,2054
3544202,2019,632
3544251,2019,869
3544301,2019,685
3544400,2019,143
3544509,2019,71
3544608,2019,321
3544707,2019,139
3544806,2019,451
3544905,2019,301
3545001,2019,780
3545100,2019,312
3545159,2019,89
3545209,2019,2148
3545308,2019,1485
3545407,2019,426
3545506,2019,221
3545605,2019,574
3545704,2019,140
3545803,2019,2917
3546009,2019,769
3546108,2019,85
3546207,2019,124
3546256,2019,63
3546306,2019,588
3546405,2019,925
3546504,2019,416
3546603,2019,926
3546702,2019,352
3546801,2019,2090
3546900,2019,161
3547007,2019,281
3547106,2019,160
3547205,2019,55
3547304,2019,3788
3547403,2019,39
3547502,2019,734
3547601,2019,575
3547650,2019,37
3547700,2019,854
3547809,2019,21811
3547908,2019,438
3548005,2019,1051
3548054,2019,404
3548104,2019,114
3548203,2019,243
3548302,2019,126
3548401,2019,250
3548500,2019,7887
3548609,2019,486
3548708,2019,23429
3548807,2019,928
3548906,2019,7362
3549003,2019,94
3549102,2019,843
3549201,2019,51
3549250,2019,48
3549300,2019,102
3549409,2019,562
3549508,2019,703
3549607,2019,393
3549706,2019,1910
3549805,2019,10658
3549904,2019,24952
3549953,2019,1203
3550001,2019,562
3550100,2019,672
3550209,2019,1199
3550308,2019,451384
3550407,2019,1375
3550506,2019,329
3550605,2019,2109
3550704,2019,3634
3550803,2019,134
3550902,2019,348
3551009,2019,9830
3551108,2019,238
3551207,2019,183
3551306,2019,163
3551405,2019,1031
3551504,2019,1969
3551603,2019,510
3551702,2019,4140
3551801,2019,971
3551900,2019,836
3552007,2019,382
3552106,2019,1240
3552205,2019,16702
3552304,2019,193
3552403,2019,7781
3552502,2019,12531
3552551,2019,132
3552601,2019,604
3552700,2019,401
3552809,2019,9345
3552908,2019,311
3553005,2019,374
3553104,2019,405
3553203,2019,182
3553302,2019,1129
3553401,2019,1797
3553500,2019,427
3553609,2019,546
3553658,2019,49
3553708,2019,2273
3553807,2019,936
3553856,2019,647
3553906,2019,268
3553955,2019,607
3554003,2019,3372
3554102,2019,5035
3554201,2019,220
3554300,2019,1522
3554409,2019,196
3554508,2019,827
3554607,2019,174
3554656,2019,121
3554706,2019,290
3554755,2019,159
3554805,2019,1969
3554904,2019,217
3554953,2019,214
3555000,2019,1490
3555109,2019,322
3555208,2019,61
3555307,2019,56
3555356,2019,178
3555406,2019,4865
3555505,2019,279
3555604,2019,120
3555703,2019,33
3555802,2019,396
3555901,2019,81
3556008,2019,467
3556107,2019,552
3556206,2019,1637
3556305,2019,809
3556354,2019,297
3556404,2019,635
3556453,2019,1807
3556503,2019,2467
3556602,2019,329
3556701,2019,1018
3556800,2019,344
3556909,2019,146
3556958,2019,35
3557006,2019,2829
3557105,2019,2425
3557154,2019,80
3557204,2019,666
3557303,2019,325
4100103,2019,337
4100202,2019,378
4100301,2019,696
4100400,2019,3561
4100459,2019,255
4100509,2019,523
4100608,2019,675
4100707,2019,561
4100806,2019,437
4100905,2019,519
4101002,2019,342
4101051,2019,85
4101101,2019,959
4101150,2019,159
4101200,2019,1052
4101309,2019,570
4101408,2019,2641
4101507,2019,2192
4101606,2019,1148
4101655,2019,374
4101705,2019,403
4101804,2019,5752
4101853,2019,118
4101903,2019,599
4102000,2019,820
4102109,2019,734
4102208,2019,85
4102307,2019,614
4102406,2019,1040
4102505,2019,845
4102604,2019,507
4102703,2019,147
4102752,2019,215
4102802,2019,648
4102901,2019,926
4103008,2019,225
4103024,2019,98
4103040,2019,525
4103057,2019,636
4103107,2019,954
4103156,2019,140
4103206,2019,195
4103222,2019,109
4103305,2019,415
4103354,2019,306
4103370,2019,213
4103404,2019,154
4103453,2019,384
4103479,2019,158
4103503,2019,389
4103602,2019,1956
4103701,2019,3166
4103800,2019,407
4103909,2019,649
4103958,2019,361
4104006,2019,1814
4104055,2019,301
4104105,2019,577
4104204,2019,2390
4104253,2019,886
4104303,2019,3466
4104402,2019,1127
4104428,2019,908
4104451,2019,732
4104501,2019,411
4104600,2019,651
4104659,2019,864
4104709,2019,496
4104808,2019,5339
4104907,2019,3380
4105003,2019,468
4105102,2019,477
4105201,2019,1690
4105300,2019,181
4105409,2019,969
4105508,2019,1542
4105607,2019,494
4105706,2019,678
4105805,2019,8206
4105904,2019,365
4106001,2019,600
4106100,2019,234
4106209,2019,475
4106308,2019,437
4106407,2019,864
4106456,2019,477
4106506,2019,601
4106555,2019,304
4106571,2019,178
4106605,2019,553
4106704,2019,301
4106803,2019,794
4106852,2019,225
4106902,2019,30162
4107009,2019,1106
4107108,2019,231
4107124,2019,269
4107157,2019,197
4107207,2019,652
4107256,2019,192
4107306,2019,152
4107405,2019,278
4107504,2019,648
4107520,2019,76
4107538,2019,43
4107546,2019,551
4107553,2019,213
4107603,2019,1047
4107652,2019,2609
4107702,2019,349
4107736,2019,682
4107751,2019,696
4107801,2019,134
4107850,2019,247
4107900,2019,140
4108007,2019,1401
4108106,2019,114
4108205,2019,144
4108304,2019,9019
4108320,2019,430
4108403,2019,1552
4108452,2019,417
4108502,2019,1103
4108551,2019,229
4108601,2019,1416
4108650,2019,717
4108700,2019,720
4108809,2019,856
4108908,2019,284
4108957,2019,366
4109005,2019,184
4109104,2019,110
4109203,2019,261
4109302,2019,406
4109401,2019,6219
4109500,2019,1259
4109609,2019,2121
4109658,2019,386
4109708,2019,852
4109757,2019,382
4109807,2019,1887
4109906,2019,356
4110003,2019,141
4110052,2019,78
4110078,2019,838
4110102,2019,1085
4110201,2019,949
4110300,2019,242
4110409,2019,146
4110508,2019,545
4110607,2019,338
4110656,2019,111
4110706,2019,2595
4110805,2019,677
4110904,2019,144
4110953,2019,393
4111001,2019,266
4111100,2019,38
4111209,2019,411
4111258,2019,2492
4111308,2019,221
4111407,2019,987
4111506,2019,638
4111555,2019,238
4111605,2019,61
4111704,2019,243
4111803,2019,1893
4111902,2019,418
4112009,2019,1383
4112108,2019,723
4112207,2019,257
4112306,2019,243
4112405,2019,472
4112504,2019,661
4112603,2019,66
4112702,2019,768
4112751,2019,393
4112801,2019,271
4112900,2019,242
4112959,2019,419
4113007,2019,238
4113106,2019,271
4113205,2019,1798
4113254,2019,724
4113304,2019,1014
4113403,2019,201
4113429,2019,282
4113452,2019,475
4113502,2019,516
4113601,2019,172
4113700,2019,18902
4113734,2019,529
4113759,2019,355
4113809,2019,411
4113908,2019,575
4114005,2019,853
4114104,2019,524
4114203,2019,619
4114302,2019,1231
4114351,2019,114
4114401,2019,919
4114500,2019,1072
4114609,2019,590
4114708,2019,197
4114807,2019,1185
4114906,2019,547
4115002,2019,294
4115101,2019,672
4115200,2019,6024
4115309,2019,161
4115358,2019,52
4115408,2019,779
4115457,2019,479
4115507,2019,154
4115606,2019,223
4115705,2019,1489
4115739,2019,374
4115754,2019,538
4115804,2019,613
4115853,2019,84
4115903,2019,140
4116000,2019,79
4116059,2019,452
4116109,2019,894
4116208,2019,1456
4116307,2019,172
4116406,2019,133
4116505,2019,49
4116604,2019,311
4116703,2019,370
4116802,2019,628
4116901,2019,1069
4116950,2019,177
4117008,2019,314
4117057,2019,970
4117107,2019,391
4117206,2019,331
4117214,2019,228
4117222,2019,173
4117255,2019,292
4117271,2019,340
4117297,2019,162
4117305,2019,1973
4117404,2019,92
4117453,2019,124
4117503,2019,1583
4117602,2019,2282
4117701,2019,687
4117800,2019,1266
4117909,2019,434
4118006,2019,187
4118105,2019,585
4118204,2019,4373
4118303,2019,142
4118402,2019,2783
4118451,2019,44
4118501,2019,1681
4118600,2019,216
4118709,2019,154
4118808,2019,512
4118857,2019,245
4118907,2019,158
4119004,2019,146
4119103,2019,276
4119152,2019,3666
4119202,2019,392
4119251,2019,148
4119301,2019,1826
4119400,2019,1096
4119509,2019,5811
4119608,2019,2266
4119657,2019,121
4119707,2019,344
4119806,2019,464
4119905,2019,10014
4119954,2019,873
4120002,2019,825
4120101,2019,151
4120150,2019,278
4120200,2019,118
4120309,2019,161
4120333,2019,191
4120358,2019,269
4120408,2019,104
4120507,2019,424
4120606,2019,2793
4120655,2019,178
4120705,2019,373
4120804,2019,274
4120853,2019,17
4120903,2019,2234
4121000,2019,519
4121109,2019,241
4121208,2019,596
4121257,2019,192
4121307,2019,165
4121356,2019,106
4121406,2019,305
4121505,2019,1427
4121604,2019,184
4121703,2019,1873
4121752,2019,568
4121802,2019,594
4121901,2019,1192
4122008,2019,506
4122107,2019,120
4122156,2019,1458
4122172,2019,524
4122206,2019,2347
4122305,2019,740
4122404,2019,1425
4122503,2019,583
4122602,2019,293
4122651,2019,344
4122701,2019,212
4122800,2019,126
4122909,2019,254
4123006,2019,436
4123105,2019,328
4123204,2019,247
4123303,2019,454
4123402,2019,205
4123501,2019,562
4123600,2019,71
4123709,2019,123
4123808,2019,359
4123824,2019,138
4123857,2019,836
4123907,2019,835
4123956,2019,212
4124004,2019,248
4124020,2019,288
4124053,2019,419
4124103,2019,1645
4124202,2019,124
4124301,2019,147
4124400,2019,617
4124509,2019,55
4124608,2019,387
4124707,2019,572
4124806,2019,207
4124905,2019,529
4125001,2019,501
4125100,2019,443
4125209,2019,162
4125308,2019,155
4125357,2019,191
4125407,2019,340
4125456,2019,167
4125506,2019,8087
4125555,2019,51
4125605,2019,1471
4125704,2019,679
4125753,2019,423
4125803,2019,464
4125902,2019,67
4126009,2019,459
4126108,2019,237
4126207,2019,385
4126256,2019,819
4126272,2019,269
4126306,2019,905
4126355,2019,86
4126405,2019,190
4126504,2019,536
4126603,2019,593
4126652,2019,132
4126678,2019,619
4126702,2019,218
4126801,2019,485
4126900,2019,285
4127007,2019,871
4127106,2019,1743
4127205,2019,284
4127304,2019,438
4127403,2019,341
4127502,2019,2040
4127601,2019,1422
4127700,2019,1384
4127809,2019,452
4127858,2019,779
4127882,2019,573
4127908,2019,278
4127957,2019,216
4127965,2019,857
4128005,2019,1019
4128104,2019,2433
4128203,2019,1975
4128302,2019,64
4128401,2019,530
4128500,2019,905
4128534,2019,671
4128559,2019,286
4128609,2019,241
4128625,2019,217
4128633,2019,798
4128658,2019,225
4128708,2019,249
4128807,2019,142
4200051,2019,129
4200101,2019,1426
4200200,2019,71
4200309,2019,18
4200408,2019,56
4200507,2019,245
4200556,2019,32
4200606,2019,20
4200705,2019,258
4200754,2019,15
4200804,2019,109
4200903,2019,105
4201000,2019,731
4201109,2019,122
4201208,2019,135
4201257,2019,100
4201273,2019,28
4201307,2019,919
4201406,2019,806
4201505,2019,203
4201604,2019,36
4201653,2019,38
4201703,2019,46
4201802,2019,43
4201901,2019,43
4201950,2019,318
4202008,2019,737
4202057,2019,538
4202073,2019,438
4202081,2019,95
4202099,2019,42
4202107,2019,802
4202131,2019,392
4202156,2019,54
4202206,2019,67
4202305,2019,1717
4202404,2019,3409
4202438,2019,179
4202453,2019,428
4202503,2019,226
4202537,2019,192
4202578,2019,56
4202602,2019,475
4202701,2019,76
4202800,2019,313
4202859,2019,14
4202875,2019,137
4202909,2019,1485
4203006,2019,1277
4203105,2019,154
4203154,2019,232
4203204,2019,1256
4203253,2019,79
4203303,2019,241
4203402,2019,182
4203501,2019,551
4203600,2019,313
4203709,2019,451
4203808,2019,1305
4203907,2019,313
4203956,2019,128
4204004,2019,220
4204103,2019,206
4204152,2019,122
4204178,2019,259
4204194,2019,42
4204202,2019,2960
4204251,2019,182
4204301,2019,696
4204350,2019,53
4204400,2019,182
4204459,2019,75
4204509,2019,201
4204558,2019,760
4204608,2019,3089
4204707,2019,125
4204756,2019,4
4204806,2019,1336
4204905,2019,107
4205001,2019,443
4205100,2019,35
4205159,2019,9
4205175,2019,474
4205191,2019,95
4205209,2019,29
4205308,2019,209
4205357,2019,35
4205407,2019,6128
4205431,2019,93
4205456,2019,307
4205506,2019,994
4205555,2019,103
4205605,2019,158
4205704,2019,669
4205803,2019,548
4205902,2019,553
4206009,2019,340
4206108,2019,76
4206207,2019,163
4206306,2019,344
4206405,2019,69
4206504,2019,817
4206603,2019,86
4206652,2019,146
4206702,2019,372
4206751,2019,35
4206801,2019,72
4206900,2019,136
4207007,2019,1060
4207106,2019,292
4207205,2019,515
4207304,2019,1170
4207403,2019,105
4207502,2019,475
4207577,2019,9
4207601,2019,54
4207650,2019,82
4207684,2019,761
4207700,2019,93
4207759,2019,70
4207809,2019,185
4207858,2019,54
4207908,2019,443
4208005,2019,124
4208104,2019,548
4208203,2019,3377
4208302,2019,976
4208401,2019,99
4208450,2019,473
4208500,2019,208
4208609,2019,52
4208708,2019,342
4208807,2019,324
4208906,2019,1636
4208955,2019,41
4209003,2019,354
4209102,2019,6219
4209151,2019,196
4209177,2019,73
4209201,2019,2
4209300,2019,6093
4209409,2019,405
4209458,2019,46
4209508,2019,50
4209607,2019,309
4209706,2019,594
4209805,2019,156
4209854,2019,59
4209904,2019,54
4210001,2019,132
4210035,2019,24
4210050,2019,16
4210100,2019,887
4210209,2019,168
4210308,2019,297
4210407,2019,216
4210506,2019,241
4210555,2019,43
4210605,2019,142
4210704,2019,83
4210803,2019,206
4210852,2019,34
4210902,2019,55
4211009,2019,108
4211058,2019,543
4211108,2019,514
4211207,2019,211
4211256,2019,118
4211306,2019,2025
4211405,2019,91
4211454,2019,159
4211504,2019,102
4211603,2019,192
4211652,2019,66
4211702,2019,450
4211751,2019,333
4211801,2019,79
4211850,2019,110
4211876,2019,63
4211892,2019,117
4211900,2019,2045
4212007,2019,279
4212056,2019,71
4212106,2019,284
4212205,2019,424
4212239,2019,101
4212254,2019,406
4212270,2019,260
4212304,2019,153
4212403,2019,24
4212502,2019,478
4212601,2019,17
4212650,2019,345
4212700,2019,67
4212809,2019,596
4212908,2019,109
4213005,2019,47
4213104,2019,60
4213153,2019,47
4213203,2019,67
4213302,2019,175
4213351,2019,125
4213401,2019,439
4213500,2019,341
4213609,2019,601
4213708,2019,126
4213807,2019,389
4213906,2019,26
4214003,2019,74
4214102,2019,46
4214151,2019,39
4214201,2019,230
4214300,2019,31
4214409,2019,158
4214508,2019,58
4214607,2019,71
4214706,2019,60
4214805,2019,751
4214904,2019,22
4215000,2019,558
4215059,2019,154
4215075,2019,111
4215109,2019,68
4215208,2019,166
4215307,2019,65
4215356,2019,148
4215406,2019,37
4215455,2019,266
4215505,2019,861
4215554,2019,25
4215604,2019,26
4215653,2019,289
4215679,2019,138
4215687,2019,119
4215695,2019,36
4215703,2019,228
4215752,2019,90
4215802,2019,835
4215901,2019,66
4216008,2019,126
4216057,2019,225
4216107,2019,262
4216206,2019,809
4216255,2019,25
4216305,2019,451
4216354,2019,73
4216404,2019,228
4216503,2019,576
4216602,2019,2627
4216701,2019,282
4216800,2019,393
4216909,2019,360
4217006,2019,93
4217105,2019,42
4217154,2019,42
4217204,2019,456
4217253,2019,43
4217303,2019,81
4217402,2019,152
4217501,2019,173
4217550,2019,45
4217600,2019,201
4217709,2019,690
4217758,2019,70
4217808,2019,225
4217907,2019,200
4217956,2019,51
4218004,2019,868
4218103,2019,228
4218202,2019,146
4218251,2019,807
4218301,2019,807
4218350,2019,47
4218400,2019,41
4218509,2019,76
4218608,2019,76
4218707,2019,1171
4218756,2019,35
4218806,2019,125
4218855,2019,51
4218905,2019,327
4218954,2019,200
4219002,2019,291
4219101,2019,68
4219150,2019,67
4219176,2019,145
4219200,2019,161
4219309,2019,336
4219358,2019,190
4219408,2019,40
4219507,2019,505
4219606,2019,33
4219705,2019,413
4219853,2019,52
4220000,2019,795
4300034,2019,173
4300059,2019,83
4300109,2019,853
4300208,2019,278
4300307,2019,253
4300406,2019,1563
4300455,2019,217
4300471,2019,36
4300505,2019,194
4300554,2019,62
4300570,2019,11
4300604,2019,6324
4300638,2019,442
4300646,2019,406
4300661,2019,44
4300703,2019,23
4300802,2019,222
4300851,2019,245
4300877,2019,185
4300901,2019,58
4301008,2019,130
4301057,2019,302
4301073,2019,37
4301107,2019,920
4301206,2019,436
4301305,2019,1022
4301404,2019,300
4301503,2019,137
4301552,2019,39
4301602,2019,7240
4301636,2019,1020
4301651,2019,16
4301701,2019,110
4301750,2019,331
4301800,2019,322
4301859,2019,112
4301875,2019,233
4301909,2019,594
4301925,2019,14
4301958,2019,9
4302006,2019,495
4302055,2019,303
4302105,2019,1112
4302154,2019,90
4302204,2019,68
4302220,2019,63
4302238,2019,105
4302253,2019,7
4302303,2019,993
4302352,2019,69
4302378,2019,209
4302402,2019,337
4302451,2019,340
4302501,2019,212
4302584,2019,43
4302600,2019,267
4302659,2019,56
4302709,2019,1388
4302808,2019,1810
4302907,2019,1359
4303004,2019,3937
4303103,2019,2914
4303202,2019,296
4303301,2019,201
4303400,2019,214
4303509,2019,2708
4303558,2019,26
4303608,2019,264
4303673,2019,77
4303707,2019,73
4303806,2019,132
4303905,2019,313
4304002,2019,559
4304101,2019,211
4304200,2019,1084
4304309,2019,110
4304358,2019,577
4304408,2019,1482
4304507,2019,3159
4304606,2019,9739
4304614,2019,47
4304622,2019,62
4304630,2019,1694
4304655,2019,239
4304663,2019,1714
4304671,2019,181
4304689,2019,560
4304697,2019,15
4304705,2019,1545
4304713,2019,231
4304804,2019,124
4304853,2019,21
4304903,2019,101
4304952,2019,94
4305009,2019,356
4305108,2019,7705
4305116,2019,26
4305124,2019,310
4305132,2019,200
4305157,2019,146
4305173,2019,450
4305207,2019,210
4305306,2019,135
4305355,2019,1102
4305371,2019,218
4305405,2019,156
4305439,2019,178
4305447,2019,270
4305454,2019,796
4305504,2019,97
4305587,2019,12
4305603,2019,50
4305702,2019,297
4305801,2019,364
4305835,2019,10
4305850,2019,53
4305871,2019,68
4305900,2019,903
4305934,2019,6
4305959,2019,23
4305975,2019,73
4306007,2019,323
4306056,2019,381
4306072,2019,279
4306106,2019,1352
4306130,2019,24
4306205,2019,203
4306304,2019,33
4306320,2019,120
4306353,2019,249
4306379,2019,210
4306403,2019,210
4306429,2019,153
4306452,2019,16
4306502,2019,830
4306551,2019,69
4306601,2019,2065
4306700,2019,264
4306734,2019,92
4306759,2019,28
4306767,2019,2060
4306809,2019,221
4306908,2019,1175
4306924,2019,110
4306932,2019,207
4306957,2019,151
4306973,2019,157
4307005,2019,1021
4307054,2019,77
4307104,2019,701
4307203,2019,193
4307302,2019,423
4307401,2019,107
4307450,2019,93
4307500,2019,575
4307559,2019,148
4307609,2019,735
4307708,2019,2658
4307807,2019,428
4307815,2019,97
4307831,2019,128
4307864,2019,3
4307906,2019,1488
4308003,2019,321
4308052,2019,149
4308078,2019,90
4308102,2019,84
4308201,2019,205
4308250,2019,32
4308300,2019,910
4308409,2019,432
4308433,2019,19
4308458,2019,110
4308508,2019,775
4308607,2019,176
4308656,2019,239
4308706,2019,110
4308805,2019,461
4308854,2019,44
4308904,2019,159
4309001,2019,1177
4309050,2019,189
4309100,2019,432
4309126,2019,199
4309159,2019,195
4309209,2019,9901
4309258,2019,21
4309308,2019,2595
4309407,2019,165
4309506,2019,268
4309555,2019,20
4309571,2019,111
4309605,2019,416
4309654,2019,866
4309704,2019,85
4309753,2019,209
4309803,2019,90
4309902,2019,180
4309951,2019,198
4310009,2019,99
4310108,2019,300
4310207,2019,2062
4310306,2019,48
4310330,2019,805
4310363,2019,23
4310405,2019,292
4310413,2019,204
4310439,2019,90
4310462,2019,9
4310504,2019,563
4310538,2019,134
4310553,2019,332
4310579,2019,44
4310603,2019,1360
4310652,2019,117
4310702,2019,80
4310751,2019,50
4310801,2019,138
4310850,2019,256
4310876,2019,238
4310900,2019,57
4311007,2019,1138
4311106,2019,526
4311122,2019,252
4311130,2019,164
4311155,2019,478
4311205,2019,770
4311239,2019,147
4311254,2019,451
4311270,2019,13
4311304,2019,1020
4311403,2019,1077
4311429,2019,191
4311502,2019,371
4311601,2019,209
4311627,2019,112
4311643,2019,11
4311700,2019,152
4311718,2019,323
4311734,2019,155
4311759,2019,241
4311775,2019,314
4311791,2019,21
4311809,2019,461
4311908,2019,59
4311981,2019,151
4312005,2019,7
4312054,2019,38
4312104,2019,290
4312138,2019,91
4312153,2019,97
4312179,2019,61
4312203,2019,158
4312252,2019,728
4312302,2019,286
4312351,2019,6
4312377,2019,150
4312385,2019,9
4312401,2019,1683
4312427,2019,103
4312443,2019,71
4312450,2019,378
4312476,2019,39
4312500,2019,612
4312609,2019,43
4312617,2019,99
4312625,2019,103
4312658,2019,243
4312674,2019,79
4312708,2019,644
4312757,2019,23
4312807,2019,16
4312906,2019,68
4312955,2019,6
4313003,2019,12
4313011,2019,7
4313037,2019,134
4313060,2019,518
4313086,2019,12
4313102,2019,176
4313201,2019,64
4313300,2019,290
4313334,2019,42
4313359,2019,5
4313375,2019,886
4313391,2019,158
4313409,2019,5858
4313425,2019,243
4313441,2019,136
4313466,2019,33
4313490,2019,160
4313508,2019,1427
4313607,2019,135
4313656,2019,924
4313706,2019,1615
4313805,2019,422
4313904,2019,615
4313953,2019,453
4314001,2019,43
4314027,2019,371
4314035,2019,88
4314050,2019,1836
4314068,2019,220
4314076,2019,165
4314100,2019,4635
4314134,2019,9
4314159,2019,181
4314175,2019,213
4314209,2019,609
4314308,2019,85
4314407,2019,7952
4314423,2019,11
4314456,2019,26
4314464,2019,99
4314472,2019,189
4314498,2019,219
4314506,2019,1230
4314548,2019,17
4314555,2019,149
4314605,2019,945
4314704,2019,562
4314753,2019,5
4314779,2019,118
4314787,2019,15
4314803,2019,1285
4314902,2019,48115
4315008,2019,210
4315057,2019,112
4315073,2019,78
4315107,2019,501
4315131,2019,66
4315149,2019,23
4315156,2019,188
4315172,2019,22
4315206,2019,74
4315305,2019,700
4315313,2019,49
4315321,2019,170
4315354,2019,30
4315404,2019,1222
4315453,2019,17
4315503,2019,864
4315552,2019,241
4315602,2019,5195
4315701,2019,2346
4315750,2019,42
4315800,2019,141
4315909,2019,235
4315958,2019,109
4316006,2019,392
4316105,2019,503
4316204,2019,121
4316303,2019,262
4316402,2019,3484
4316428,2019,156
4316436,2019,53
4316451,2019,953
4316477,2019,23
4316501,2019,36
4316600,2019,141
4316709,2019,404
4316733,2019,24
4316758,2019,27
4316808,2019,2656
4316907,2019,6342
4316956,2019,38
4316972,2019,174
4317004,2019,714
4317103,2019,4411
4317202,2019,1119
4317251,2019,6
4317301,2019,1062
4317400,2019,1333
4317509,2019,3000
4317558,2019,14
4317608,2019,1937
4317707,2019,962
4317756,2019,36
4317806,2019,550
4317905,2019,287
4317954,2019,45
4318002,2019,1673
4318051,2019,29
4318101,2019,1108
4318200,2019,953
4318309,2019,3151
4318408,2019,1285
4318424,2019,88
4318432,2019,118
4318440,2019,22
4318457,2019,226
4318465,2019,162
4318481,2019,17
4318499,2019,11
4318507,2019,1370
4318606,2019,214
4318614,2019,16
4318622,2019,195
4318705,2019,7269
4318804,2019,1422
4318903,2019,905
4319000,2019,326
4319109,2019,102
4319125,2019,232
4319158,2019,534
4319208,2019,681
4319307,2019,244
4319356,2019,17
4319364,2019,79
4319372,2019,49
4319406,2019,827
4319505,2019,784
4319604,2019,928
4319703,2019,53
4319711,2019,6
4319737,2019,279
4319752,2019,3
4319802,2019,426
4319901,2019,1663
4320008,2019,3666
4320107,2019,846
4320206,2019,610
4320230,2019,119
4320263,2019,463
4320305,2019,101
4320321,2019,124
4320354,2019,310
4320404,2019,116
4320453,2019,52
4320503,2019,178
4320552,2019,185
4320578,2019,101
4320602,2019,60
4320651,2019,61
4320677,2019,407
4320701,2019,463
4320800,2019,1596
4320859,2019,119
4320909,2019,403
4321006,2019,129
4321105,2019,379
4321204,2019,921
4321303,2019,1185
4321329,2019,51
4321352,2019,409
4321402,2019,720
4321436,2019,618
4321451,2019,239
4321469,2019,33
4321477,2019,121
4321493,2019,108
4321501,2019,829
4321600,2019,1712
4321626,2019,6
4321634,2019,3
4321667,2019,196
4321709,2019,313
4321808,2019,581
4321832,2019,104
4321857,2019,242
4321907,2019,569
4321956,2019,308
4322004,2019,1159
4322103,2019,96
4322152,2019,391
4322186,2019,57
4322202,2019,1663
4322251,2019,30
4322301,2019,175
4322327,2019,156
4322343,2019,33
4322350,2019,12
4322376,2019,215
4322400,2019,6241
4322509,2019,1732
4322525,2019,135
4322533,2019,196
4322541,2019,30
4322558,2019,23
4322608,2019,1664
4322707,2019,603
4322806,2019,272
4322855,2019,2
4322905,2019,76
4323002,2019,11066
4323101,2019,374
4323200,2019,25
4323309,2019,22
4323358,2019,17
4323408,2019,49
4323457,2019,398
4323507,2019,76
4323606,2019,12
4323705,2019,118
4323754,2019,220
4323770,2019,6
4323804,2019,470
5000203,2019,856
5000252,2019,389
5000609,2019,2884
5000708,2019,1376
5000807,2019,440
5000856,2019,823
5000906,2019,667
5001003,2019,1453
5001102,2019,1717
5001243,2019,915
5001508,2019,324
5001904,2019,1251
5002001,2019,854
5002100,2019,1814
5002159,2019,489
5002209,2019,723
5002308,2019,886
5002407,2019,1050
5002605,2019,886
5002704,2019,29566
5002803,2019,517
5002902,2019,793
5002951,2019,816
5003108,2019,269
5003157,2019,1861
5003207,2019,5723
5003256,2019,1573
5003306,2019,2246
5003454,2019,554
5003488,2019,1087
5003504,2019,318
5003702,2019,8195
5003751,2019,712
5003801,2019,982
5003900,2019,152
5004007,2019,323
5004106,2019,952
5004304,2019,814
5004403,2019,286
5004502,2019,230
5004601,2019,851
5004700,2019,620
5004809,2019,1150
5004908,2019,207
5005004,2019,1231
5005103,2019,237
5005152,2019,848
5005202,2019,1349
5005251,2019,394
5005400,2019,819
5005608,2019,3031
5005681,2019,1073
5005707,2019,1570
5005806,2019,1282
5006002,2019,1039
5006200,2019,2280
5006259,2019,111
5006275,2019,178
5006309,2019,1375
5006358,2019,1538
5006408,2019,675
5006606,2019,4697
5006903,2019,587
5007109,2019,1031
5007208,2019,1272
5007307,2019,224
5007406,2019,1787
5007505,2019,272
5007554,2019,136
5007695,2019,719
5007703,2019,390
5007802,2019,306
5007901,2019,3282
5007935,2019,501
5007950,2019,1493
5007976,2019,218
5008008,2019,626
5008305,2019,5271
5008404,2019,323
5100102,2019,726
5100201,2019,532
5100250,2019,1617
5100300,2019,710
5100359,2019,451
5100409,2019,919
5100508,2019,785
5100607,2019,410
5100805,2019,342
5101001,2019,225
5101209,2019,91
5101258,2019,802
5101308,2019,438
5101407,2019,1122
5101605,2019,853
5101704,2019,1595
5101803,2019,3324
5101852,2019,618
5101902,2019,598
5102504,2019,6907
5102603,2019,1113
5102637,2019,461
5102678,2019,863
5102686,2019,484
5102694,2019,299
5102702,2019,1018
5102793,2019,589
5102850,2019,364
5103007,2019,1565
5103056,2019,314
5103106,2019,277
5103205,2019,1001
5103254,2019,1875
5103304,2019,977
5103353,2019,1927
5103361,2019,160
5103379,2019,474
5103403,2019,20763
5103437,2019,323
5103452,2019,457
5103502,2019,855
5103601,2019,705
5103700,2019,658
5103809,2019,124
5103858,2019,471
5103908,2019,427
5103957,2019,247
5104104,2019,1960
5104203,2019,842
5104500,2019,79
5104526,2019,231
5104542,2019,368
5104559,2019,294
5104609,2019,753
5104807,2019,1330
5104906,2019,745
5105002,2019,424
5105101,2019,1085
5105150,2019,1172
5105176,2019,316
5105200,2019,599
5105234,2019,478
5105259,2019,2099
5105309,2019,243
5105507,2019,924
5105580,2019,879
5105606,2019,373
5105622,2019,1763
5105903,2019,1351
5106000,2019,399
5106109,2019,993
5106158,2019,840
5106174,2019,434
5106182,2019,457
5106190,2019,119
5106208,2019,188
5106216,2019,366
5106224,2019,1090
5106232,2019,737
5106240,2019,183
5106257,2019,483
5106265,2019,365
5106273,2019,132
5106281,2019,588
5106299,2019,541
5106307,2019,659
5106315,2019,271
5106372,2019,980
5106422,2019,2281
5106455,2019,246
5106505,2019,3871
5106653,2019,426
5106703,2019,138
5106752,2019,1586
5106778,2019,764
5106802,2019,115
5106828,2019,484
5106851,2019,233
5107008,2019,1665
5107040,2019,2324
5107065,2019,809
5107107,2019,739
5107156,2019,193
5107180,2019,591
5107198,2019,132
5107206,2019,304
5107248,2019,258
5107263,2019,270
5107297,2019,91
5107305,2019,953
5107354,2019,489
5107404,2019,268
5107578,2019,222
5107602,2019,9396
5107701,2019,1851
5107743,2019,126
5107750,2019,135
5107768,2019,106
5107776,2019,754
5107792,2019,232
5107800,2019,1355
5107859,2019,363
5107875,2019,554
5107883,2019,188
5107909,2019,2944
5107925,2019,1808
5107941,2019,324
5107958,2019,1639
5108006,2019,466
5108055,2019,478
5108105,2019,210
5108204,2019,193
5108303,2019,345
5108352,2019,186
5108402,2019,18048
5108501,2019,327
5108600,2019,508
5108808,2019,256
5108857,2019,147
5108907,2019,244
5108956,2019,416
5200050,2019,995
5200100,2019,686
5200134,2019,747
5200159,2019,166
5200175,2019,487
5200209,2019,171
5200258,2019,19436
5200308,2019,2559
5200506,2019,145
5200555,2019,495
5200605,2019,429
5200803,2019,740
5200829,2019,435
5200852,2019,330
5200902,2019,364
5201108,2019,8706
5201207,2019,40
5201306,2019,1488
5201405,2019,10414
5201454,2019,188
5201504,2019,205
5201603,2019,267
5201702,2019,2233
5201801,2019,964
5202155,2019,745
5202353,2019,153
5202502,2019,361
5202601,2019,246
5202809,2019,264
5203104,2019,326
5203203,2019,675
5203302,2019,1420
5203401,2019,920
5203500,2019,1066
5203559,2019,636
5203575,2019,378
5203609,2019,246
5203807,2019,398
5203906,2019,261
5203939,2019,167
5203962,2019,419
5204003,2019,757
5204102,2019,553
5204201,2019,196
5204250,2019,434
5204300,2019,266
5204409,2019,769
5204508,2019,2663
5204557,2019,216
5204607,2019,492
5204656,2019,401
5204706,2019,916
5204805,2019,255
5204854,2019,890
5204904,2019,1795
5204953,2019,865
5205000,2019,456
5205059,2019,293
5205109,2019,1890
5205208,2019,423
5205307,2019,723
5205406,2019,603
5205455,2019,305
5205471,2019,317
5205497,2019,6436
5205513,2019,2548
5205521,2019,426
5205703,2019,163
5205802,2019,1080
5205901,2019,291
5206206,2019,3623
5206305,2019,186
5206404,2019,877
5206503,2019,333
5206602,2019,83
5206701,2019,524
5206800,2019,260
5206909,2019,109
5207105,2019,169
5207253,2019,683
5207352,2019,213
5207402,2019,894
5207501,2019,232
5207535,2019,578
5207600,2019,649
5207808,2019,589
5207907,2019,1369
5208004,2019,7282
5208103,2019,581
5208152,2019,152
5208301,2019,952
5208400,2019,1049
5208509,2019,211
5208608,2019,2169
5208707,2019,26642
5208806,2019,2227
5208905,2019,1287
5209101,2019,1134
5209150,2019,177
5209200,2019,1626
5209291,2019,244
5209408,2019,549
5209457,2019,265
5209606,2019,490
5209705,2019,880
5209804,2019,274
5209903,2019,1660
5209937,2019,434
5209952,2019,836
5210000,2019,2149
5210109,2019,1612
5210158,2019,316
5210208,2019,552
5210307,2019,134
5210406,2019,2886
5210562,2019,312
5210604,2019,377
5210802,2019,241
5210901,2019,844
5211008,2019,741
5211206,2019,1686
5211305,2019,279
5211404,2019,425
5211503,2019,3880
5211602,2019,250
5211701,2019,474
5211800,2019,3082
5211909,2019,2101
5212006,2019,286
5212055,2019,320
5212105,2019,131
5212204,2019,1053
5212253,2019,127
5212303,2019,659
5212501,2019,12420
5212600,2019,245
5212709,2019,1155
5212808,2019,734
5212907,2019,181
5212956,2019,561
5213004,2019,981
5213053,2019,254
5213087,2019,1911
5213103,2019,2470
5213400,2019,199
5213509,2019,1082
5213707,2019,254
5213756,2019,383
5213772,2019,799
5213806,2019,1284
5213855,2019,273
5213905,2019,263
5214002,2019,1240
5214051,2019,506
5214101,2019,347
5214408,2019,405
5214507,2019,1185
5214606,2019,2070
5214705,2019,132
5214804,2019,78
5214838,2019,872
5214861,2019,879
5214879,2019,159
5214903,2019,447
5215009,2019,939
5215207,2019,235
5215231,2019,4577
5215256,2019,522
5215306,2019,511
5215405,2019,285
5215504,2019,310
5215603,2019,1703
5215652,2019,323
5215702,2019,644
5215801,2019,84
5215900,2019,269
5216007,2019,77
5216304,2019,436
5216403,2019,590
5216452,2019,159
5216809,2019,343
5216908,2019,260
5217104,2019,667
5217203,2019,845
5217302,2019,1167
5217401,2019,1426
5217609,2019,6075
5217708,2019,894
5218003,2019,2286
5218052,2019,217
5218102,2019,251
5218300,2019,2845
5218391,2019,243
5218508,2019,1012
5218607,2019,445
5218706,2019,205
5218789,2019,192
5218805,2019,5504
5218904,2019,703
5219001,2019,343
5219100,2019,421
5219209,2019,161
5219258,2019,286
5219308,2019,1606
5219357,2019,372
5219407,2019,405
5219456,2019,222
5219506,2019,324
5219605,2019,247
5219704,2019,1524
5219712,2019,209
5219738,2019,575
5219753,2019,6497
5219803,2019,1387
5219902,2019,484
5220009,2019,1173
5220058,2019,123
5220108,2019,1206
5220157,2019,347
5220207,2019,1777
5220264,2019,242
5220280,2019,161
5220405,2019,1273
5220454,2019,4940
5220504,2019,328
5220603,2019,1142
5220686,2019,984
5220702,2019,340
5221007,2019,246
5221080,2019,536
5221197,2019,642
5221304,2019,157
5221403,2019,4590
5221452,2019,316
5221502,2019,298
5221551,2019,383
5221577,2019,317
5221601,2019,1141
5221700,2019,1057
5221809,2019,61
5221858,2019,6335
5221908,2019,242
5222005,2019,310
5222054,2019,840
5222203,2019,542
5222302,2019,530
5300108,2019,70330
