ano,id_municipio,numero_obitos
2019,1400027,75
2019,1400050,133
2019,1400100,1879
2019,1400159,50
2019,1400175,74
2019,1400209,101
2019,1400233,33
2019,1400282,41
2019,1400308,87
2019,1400407,46
2019,1400456,66
2019,1400472,88
2019,1400506,34
2019,1400605,27
2019,1400704,45
2019,2200053,37
2019,2200103,44
2019,2200202,101
2019,2200251,63
2019,2200277,32
2019,2200301,89
2019,2200400,266
2019,2200459,25
2019,2200509,145
2019,2200608,60
2019,2200707,51
2019,2200806,18
2019,2200905,49
2019,2200954,22
2019,2201002,26
2019,2201051,35
2019,2201101,67
2019,2201150,42
2019,2201176,31
2019,2201200,253
2019,2201309,18
2019,2201408,57
2019,2201507,153
2019,2201556,24
2019,2201572,31
2019,2201606,53
2019,2201705,48
2019,2201739,36
2019,2201770,28
2019,2201804,43
2019,2201903,123
2019,2201919,48
2019,2201929,36
2019,2201945,31
2019,2201960,47
2019,2201988,27
2019,2202000,157
2019,2202026,33
2019,2202059,67
2019,2202075,21
2019,2202083,54
2019,2202091,35
2019,2202109,32
2019,2202117,33
2019,2202133,33
2019,2202174,23
2019,2202208,356
2019,2202251,21
2019,2202307,162
2019,2202406,66
2019,2202455,29
2019,2202505,67
2019,2202539,41
2019,2202554,26
2019,2202604,129
2019,2202653,27
2019,2202703,176
2019,2202711,33
2019,2202729,30
2019,2202737,17
2019,2202752,40
2019,2202778,47
2019,2202802,24
2019,2202851,22
2019,2202901,151
2019,2203008,16
2019,2203107,63
2019,2203206,65
2019,2203230,17
2019,2203255,22
2019,2203271,12
2019,2203305,106
2019,2203354,25
2019,2203404,58
2019,2203420,27
2019,2203453,47
2019,2203503,112
2019,2203602,35
2019,2203701,271
2019,2203750,20
2019,2203800,38
2019,2203859,18
2019,2203909,420
2019,2204006,50
2019,2204105,30
2019,2204154,24
2019,2204204,52
2019,2204303,69
2019,2204352,31
2019,2204402,53
2019,2204501,84
2019,2204550,10
2019,2204600,29
2019,2204659,55
2019,2204709,107
2019,2204808,76
2019,2204907,51
2019,2205003,89
2019,2205102,84
2019,2205151,37
2019,2205201,134
2019,2205250,26
2019,2205276,33
2019,2205300,39
2019,2205359,12
2019,2205409,63
2019,2205458,22
2019,2205508,261
2019,2205516,18
2019,2205524,30
2019,2205532,31
2019,2205540,19
2019,2205557,47
2019,2205565,33
2019,2205573,35
2019,2205581,23
2019,2205599,20
2019,2205607,32
2019,2205706,149
2019,2205805,182
2019,2205854,33
2019,2205904,36
2019,2205953,52
2019,2206001,45
2019,2206050,44
2019,2206100,53
2019,2206209,177
2019,2206308,8
2019,2206357,38
2019,2206407,57
2019,2206506,59
2019,2206605,47
2019,2206654,17
2019,2206670,33
2019,2206696,42
2019,2206704,43
2019,2206720,67
2019,2206753,35
2019,2206803,43
2019,2206902,40
2019,2206951,19
2019,2207009,257
2019,2207108,11
2019,2207207,59
2019,2207306,38
2019,2207355,14
2019,2207405,26
2019,2207504,93
2019,2207553,32
2019,2207603,42
2019,2207702,1071
2019,2207751,20
2019,2207777,42
2019,2207793,20
2019,2207801,153
2019,2207850,15
2019,2207900,250
2019,2207934,11
2019,2207959,26
2019,2208007,492
2019,2208106,63
2019,2208205,107
2019,2208304,196
2019,2208403,453
2019,2208502,56
2019,2208551,15
2019,2208601,26
2019,2208650,51
2019,2208700,47
2019,2208809,137
2019,2208858,22
2019,2208874,32
2019,2208908,40
2019,2209005,40
2019,2209104,49
2019,2209153,20
2019,2209203,32
2019,2209302,29
2019,2209351,37
2019,2209377,33
2019,2209401,43
2019,2209450,13
2019,2209500,25
2019,2209559,23
2019,2209609,18
2019,2209658,48
2019,2209708,54
2019,2209757,17
2019,2209807,39
2019,2209856,38
2019,2209872,28
2019,2209906,63
2019,2209955,31
2019,2209971,60
2019,2210003,116
2019,2210052,41
2019,2210102,22
2019,2210201,56
2019,2210300,56
2019,2210359,34
2019,2210375,13
2019,2210383,18
2019,2210391,28
2019,2210409,86
2019,2210508,117
2019,2210607,212
2019,2210623,16
2019,2210631,28
2019,2210656,57
2019,2210706,90
2019,2210805,83
2019,2210904,31
2019,2210938,56
2019,2210953,18
2019,2210979,24
2019,2211001,5257
2019,2211100,245
2019,2211209,132
2019,2211308,187
2019,2211357,18
2019,2211407,26
2019,2211506,22
2019,2211605,19
2019,2211704,24
2019,4200051,24
2019,4200101,99
2019,4200200,71
2019,4200309,34
2019,4200408,44
2019,4200507,37
2019,4200556,20
2019,4200606,46
2019,4200705,77
2019,4200754,13
2019,4200804,41
2019,4200903,44
2019,4201000,67
2019,4201109,19
2019,4201208,39
2019,4201257,54
2019,4201273,27
2019,4201307,175
2019,4201406,387
2019,4201505,50
2019,4201604,20
2019,4201653,10
2019,4201703,48
2019,4201802,27
2019,4201901,36
2019,4201950,117
2019,4202008,737
2019,4202057,99
2019,4202073,90
2019,4202081,25
2019,4202099,16
2019,4202107,231
2019,4202131,30
2019,4202156,15
2019,4202206,83
2019,4202305,427
2019,4202404,1930
2019,4202438,24
2019,4202453,75
2019,4202503,28
2019,4202537,12
2019,4202578,14
2019,4202602,40
2019,4202701,34
2019,4202800,202
2019,4202859,28
2019,4202875,24
2019,4202909,684
2019,4203006,457
2019,4203105,41
2019,4203154,14
2019,4203204,402
2019,4203253,9
2019,4203303,92
2019,4203402,56
2019,4203501,71
2019,4203600,262
2019,4203709,81
2019,4203808,386
2019,4203907,134
2019,4203956,157
2019,4204004,57
2019,4204103,33
2019,4204152,14
2019,4204178,29
2019,4204194,11
2019,4204202,1033
2019,4204251,82
2019,4204301,455
2019,4204350,31
2019,4204400,73
2019,4204459,14
2019,4204509,120
2019,4204558,122
2019,4204608,1204
2019,4204707,84
2019,4204756,15
2019,4204806,312
2019,4204905,69
2019,4205001,106
2019,4205100,27
2019,4205159,27
2019,4205175,22
2019,4205191,19
2019,4205209,33
2019,4205308,66
2019,4205357,9
2019,4205407,2493
2019,4205431,20
2019,4205456,115
2019,4205506,213
2019,4205555,15
2019,4205605,12
2019,4205704,135
2019,4205803,100
2019,4205902,324
2019,4206009,105
2019,4206108,38
2019,4206207,80
2019,4206306,105
2019,4206405,75
2019,4206504,212
2019,4206603,38
2019,4206652,32
2019,4206702,135
2019,4206751,15
2019,4206801,30
2019,4206900,144
2019,4207007,285
2019,4207106,80
2019,4207205,111
2019,4207304,362
2019,4207403,44
2019,4207502,359
2019,4207577,24
2019,4207601,63
2019,4207650,60
2019,4207684,43
2019,4207700,52
2019,4207759,28
2019,4207809,67
2019,4207858,13
2019,4207908,68
2019,4208005,34
2019,4208104,153
2019,4208203,1221
2019,4208302,304
2019,4208401,98
2019,4208450,157
2019,4208500,177
2019,4208609,30
2019,4208708,67
2019,4208807,147
2019,4208906,776
2019,4208955,12
2019,4209003,172
2019,4209102,3143
2019,4209151,37
2019,4209177,11
2019,4209201,21
2019,4209300,1359
2019,4209409,393
2019,4209458,12
2019,4209508,32
2019,4209607,108
2019,4209706,87
2019,4209805,23
2019,4209854,42
2019,4209904,70
2019,4210001,64
2019,4210035,59
2019,4210050,13
2019,4210100,410
2019,4210209,20
2019,4210308,57
2019,4210407,52
2019,4210506,157
2019,4210555,10
2019,4210605,111
2019,4210704,13
2019,4210803,48
2019,4210852,21
2019,4210902,29
2019,4211009,67
2019,4211058,57
2019,4211108,73
2019,4211207,98
2019,4211256,21
2019,4211306,439
2019,4211405,32
2019,4211454,26
2019,4211504,87
2019,4211603,92
2019,4211652,9
2019,4211702,161
2019,4211751,84
2019,4211801,43
2019,4211850,11
2019,4211876,8
2019,4211892,13
2019,4211900,879
2019,4212007,45
2019,4212056,21
2019,4212106,107
2019,4212205,129
2019,4212239,41
2019,4212254,43
2019,4212270,25
2019,4212304,40
2019,4212403,27
2019,4212502,211
2019,4212601,22
2019,4212650,80
2019,4212700,55
2019,4212809,170
2019,4212908,88
2019,4213005,30
2019,4213104,38
2019,4213153,17
2019,4213203,227
2019,4213302,34
2019,4213351,28
2019,4213401,78
2019,4213500,103
2019,4213609,254
2019,4213708,106
2019,4213807,62
2019,4213906,8
2019,4214003,118
2019,4214102,16
2019,4214151,28
2019,4214201,60
2019,4214300,17
2019,4214409,34
2019,4214508,46
2019,4214607,73
2019,4214706,66
2019,4214805,395
2019,4214904,26
2019,4215000,283
2019,4215059,17
2019,4215075,29
2019,4215109,98
2019,4215208,41
2019,4215307,46
2019,4215356,21
2019,4215406,21
2019,4215455,56
2019,4215505,117
2019,4215554,19
2019,4215604,11
2019,4215653,60
2019,4215679,50
2019,4215687,16
2019,4215695,10
2019,4215703,157
2019,4215752,10
2019,4215802,478
2019,4215901,27
2019,4216008,80
2019,4216057,27
2019,4216107,80
2019,4216206,367
2019,4216255,49
2019,4216305,166
2019,4216354,26
2019,4216404,48
2019,4216503,220
2019,4216602,1383
2019,4216701,94
2019,4216800,67
2019,4216909,46
2019,4217006,59
2019,4217105,33
2019,4217154,12
2019,4217204,224
2019,4217253,32
2019,4217303,59
2019,4217402,97
2019,4217501,107
2019,4217550,23
2019,4217600,98
2019,4217709,171
2019,4217758,13
2019,4217808,132
2019,4217907,56
2019,4217956,13
2019,4218004,256
2019,4218103,38
2019,4218202,247
2019,4218251,41
2019,4218301,124
2019,4218350,21
2019,4218400,39
2019,4218509,49
2019,4218608,39
2019,4218707,793
2019,4218756,38
2019,4218806,88
2019,4218855,17
2019,4218905,76
2019,4218954,14
2019,4219002,160
2019,4219101,24
2019,4219150,18
2019,4219176,24
2019,4219200,49
2019,4219309,322
2019,4219358,39
2019,4219408,22
2019,4219507,289
2019,4219606,19
2019,4219705,189
2019,4219853,25
2019,4220000,138
2019,2700102,122
2019,2700201,111
2019,2700300,1603
2019,2700409,274
2019,2700508,94
2019,2700607,48
2019,2700706,95
2019,2700805,48
2019,2700904,33
2019,2701001,180
2019,2701100,47
2019,2701209,85
2019,2701308,135
2019,2701357,36
2019,2701407,190
2019,2701506,50
2019,2701605,104
2019,2701704,106
2019,2701803,42
2019,2701902,23
2019,2702009,81
2019,2702108,133
2019,2702207,44
2019,2702306,329
2019,2702355,157
2019,2702405,377
2019,2702504,65
2019,2702553,123
2019,2702603,127
2019,2702702,34
2019,2702801,60
2019,2702900,198
2019,2703007,119
2019,2703106,191
2019,2703205,130
2019,2703304,109
2019,2703403,42
2019,2703502,35
2019,2703601,53
2019,2703700,28
2019,2703759,58
2019,2703809,116
2019,2703908,24
2019,2704005,158
2019,2704104,129
2019,2704203,162
2019,2704302,6107
2019,2704401,121
2019,2704500,171
2019,2704609,57
2019,2704708,291
2019,2704807,99
2019,2704906,24
2019,2705002,100
2019,2705101,179
2019,2705200,91
2019,2705309,32
2019,2705408,52
2019,2705507,163
2019,2705606,75
2019,2705705,130
2019,2705804,44
2019,2705903,38
2019,2706000,61
2019,2706109,55
2019,2706208,28
2019,2706307,556
2019,2706406,144
2019,2706422,81
2019,2706448,82
2019,2706505,68
2019,2706604,52
2019,2706703,398
2019,2706802,143
2019,2706901,228
2019,2707008,17
2019,2707107,118
2019,2707206,58
2019,2707305,159
2019,2707404,39
2019,2707503,111
2019,2707602,86
2019,2707701,554
2019,2707800,31
2019,2707909,48
2019,2708006,324
2019,2708105,75
2019,2708204,34
2019,2708303,164
2019,2708402,181
2019,2708501,162
2019,2708600,338
2019,2708709,48
2019,2708808,185
2019,2708907,101
2019,2708956,75
2019,2709004,43
2019,2709103,147
2019,2709152,262
2019,2709202,130
2019,2709301,437
2019,2709400,181
2019,3200102,220
2019,3200136,73
2019,3200169,101
2019,3200201,242
2019,3200300,85
2019,3200359,31
2019,3200409,179
2019,3200508,61
2019,3200607,507
2019,3200706,71
2019,3200805,222
2019,3200904,290
2019,3201001,126
2019,3201100,82
2019,3201159,64
2019,3201209,1342
2019,3201308,2480
2019,3201407,246
2019,3201506,832
2019,3201605,170
2019,3201704,86
2019,3201803,7
2019,3201902,224
2019,3202009,43
2019,3202108,191
2019,3202207,127
2019,3202256,66
2019,3202306,231
2019,3202405,806
2019,3202454,164
2019,3202504,65
2019,3202553,65
2019,3202603,82
2019,3202652,66
2019,3202702,117
2019,3202801,286
2019,3202900,103
2019,3203007,190
2019,3203056,144
2019,3203106,103
2019,3203130,113
2019,3203163,86
2019,3203205,900
2019,3203304,110
2019,3203320,277
2019,3203346,76
2019,3203353,77
2019,3203403,197
2019,3203502,159
2019,3203601,53
2019,3203700,127
2019,3203809,105
2019,3203908,326
2019,3204005,140
2019,3204054,132
2019,3204104,194
2019,3204203,140
2019,3204252,58
2019,3204302,87
2019,3204351,89
2019,3204401,82
2019,3204500,88
2019,3204559,258
2019,3204609,176
2019,3204658,77
2019,3204708,220
2019,3204807,118
2019,3204906,707
2019,3204955,79
2019,3205002,2559
2019,3205010,150
2019,3205036,105
2019,3205069,137
2019,3205101,384
2019,3205150,61
2019,3205176,77
2019,3205200,2940
2019,3205309,2152
2019,5100102,33
2019,5100201,112
2019,5100250,330
2019,5100300,97
2019,5100359,11
2019,5100409,53
2019,5100508,66
2019,5100607,40
2019,5100805,46
2019,5101001,19
2019,5101209,6
2019,5101258,94
2019,5101308,78
2019,5101407,92
2019,5101605,34
2019,5101704,179
2019,5101803,434
2019,5101852,25
2019,5101902,87
2019,5102504,584
2019,5102603,102
2019,5102637,126
2019,5102678,173
2019,5102686,20
2019,5102694,20
2019,5102702,115
2019,5102793,58
2019,5102850,48
2019,5103007,107
2019,5103056,58
2019,5103106,23
2019,5103205,223
2019,5103254,105
2019,5103304,98
2019,5103353,123
2019,5103361,13
2019,5103379,53
2019,5103403,3466
2019,5103437,48
2019,5103452,38
2019,5103502,121
2019,5103601,54
2019,5103700,46
2019,5103809,25
2019,5103858,29
2019,5103908,39
2019,5103957,18
2019,5104104,175
2019,5104203,95
2019,5104500,17
2019,5104526,22
2019,5104542,27
2019,5104559,31
2019,5104609,50
2019,5104807,174
2019,5104906,57
2019,5105002,75
2019,5105101,206
2019,5105150,271
2019,5105176,46
2019,5105200,67
2019,5105234,24
2019,5105259,252
2019,5105309,16
2019,5105507,70
2019,5105580,49
2019,5105606,94
2019,5105622,181
2019,5105903,115
2019,5106000,45
2019,5106109,75
2019,5106158,61
2019,5106174,15
2019,5106182,38
2019,5106190,21
2019,5106208,22
2019,5106216,59
2019,5106224,134
2019,5106232,88
2019,5106240,49
2019,5106257,135
2019,5106265,30
2019,5106273,30
2019,5106281,34
2019,5106299,67
2019,5106307,119
2019,5106315,14
2019,5106372,129
2019,5106422,193
2019,5106455,19
2019,5106505,232
2019,5106653,42
2019,5106703,13
2019,5106752,237
2019,5106778,61
2019,5106802,35
2019,5106828,59
2019,5106851,21
2019,5107008,137
2019,5107040,315
2019,5107065,65
2019,5107107,118
2019,5107156,17
2019,5107180,53
2019,5107198,16
2019,5107206,40
2019,5107248,15
2019,5107263,12
2019,5107297,25
2019,5107305,106
2019,5107354,33
2019,5107404,24
2019,5107578,11
2019,5107602,1348
2019,5107701,101
2019,5107743,5
2019,5107750,28
2019,5107768,7
2019,5107776,29
2019,5107792,13
2019,5107800,108
2019,5107859,49
2019,5107875,86
2019,5107883,5
2019,5107909,686
2019,5107925,397
2019,5107941,39
2019,5107958,488
2019,5108006,58
2019,5108055,75
2019,5108105,11
2019,5108204,29
2019,5108303,14
2019,5108352,11
2019,5108402,1571
2019,5108501,45
2019,5108600,81
2019,5108808,29
2019,5108857,14
2019,5108907,22
2019,5108956,41
2019,5200050,76
2019,5200100,102
2019,5200134,154
2019,5200159,18
2019,5200175,12
2019,5200209,12
2019,5200258,705
2019,5200308,208
2019,5200506,22
2019,5200555,21
2019,5200605,35
2019,5200803,40
2019,5200829,8
2019,5200852,40
2019,5200902,23
2019,5201108,2638
2019,5201207,8
2019,5201306,144
2019,5201405,2682
2019,5201454,15
2019,5201504,23
2019,5201603,40
2019,5201702,169
2019,5201801,87
2019,5202155,63
2019,5202353,26
2019,5202502,55
2019,5202601,32
2019,5202809,16
2019,5203104,20
2019,5203203,64
2019,5203302,211
2019,5203401,83
2019,5203500,145
2019,5203559,69
2019,5203575,15
2019,5203609,26
2019,5203807,43
2019,5203906,74
2019,5203939,16
2019,5203962,13
2019,5204003,40
2019,5204102,71
2019,5204201,17
2019,5204250,57
2019,5204300,106
2019,5204409,125
2019,5204508,502
2019,5204557,23
2019,5204607,29
2019,5204656,15
2019,5204706,67
2019,5204805,37
2019,5204854,39
2019,5204904,120
2019,5204953,37
2019,5205000,67
2019,5205059,33
2019,5205109,595
2019,5205208,35
2019,5205307,48
2019,5205406,136
2019,5205455,49
2019,5205471,32
2019,5205497,286
2019,5205513,126
2019,5205521,16
2019,5205703,9
2019,5205802,67
2019,5205901,61
2019,5206206,286
2019,5206305,36
2019,5206404,99
2019,5206503,36
2019,5206602,28
2019,5206701,21
2019,5206800,23
2019,5206909,17
2019,5207105,13
2019,5207253,58
2019,5207352,35
2019,5207402,82
2019,5207501,26
2019,5207535,39
2019,5207600,53
2019,5207808,103
2019,5207907,44
2019,5208004,625
2019,5208103,43
2019,5208152,15
2019,5208301,37
2019,5208400,110
2019,5208509,35
2019,5208608,456
2019,5208707,8996
2019,5208806,279
2019,5208905,187
2019,5209101,246
2019,5209150,48
2019,5209200,108
2019,5209291,26
2019,5209408,34
2019,5209457,14
2019,5209606,23
2019,5209705,145
2019,5209804,21
2019,5209903,67
2019,5209937,33
2019,5209952,82
2019,5210000,465
2019,5210109,183
2019,5210158,19
2019,5210208,319
2019,5210307,22
2019,5210406,272
2019,5210562,41
2019,5210604,40
2019,5210802,28
2019,5210901,132
2019,5211008,62
2019,5211206,237
2019,5211305,26
2019,5211404,68
2019,5211503,767
2019,5211602,13
2019,5211701,33
2019,5211800,301
2019,5211909,630
2019,5212006,28
2019,5212055,18
2019,5212105,56
2019,5212204,151
2019,5212253,7
2019,5212303,51
2019,5212501,1049
2019,5212600,24
2019,5212709,39
2019,5212808,95
2019,5212907,19
2019,5212956,35
2019,5213004,72
2019,5213053,13
2019,5213087,190
2019,5213103,363
2019,5213400,12
2019,5213509,32
2019,5213707,58
2019,5213756,57
2019,5213772,22
2019,5213806,330
2019,5213855,15
2019,5213905,35
2019,5214002,96
2019,5214051,40
2019,5214101,25
2019,5214408,60
2019,5214507,179
2019,5214606,260
2019,5214705,13
2019,5214804,19
2019,5214838,73
2019,5214861,76
2019,5214879,12
2019,5214903,12
2019,5215009,59
2019,5215207,30
2019,5215231,392
2019,5215256,15
2019,5215306,105
2019,5215405,27
2019,5215504,38
2019,5215603,159
2019,5215652,15
2019,5215702,177
2019,5215801,31
2019,5215900,26
2019,5216007,23
2019,5216304,64
2019,5216403,88
2019,5216452,9
2019,5216809,67
2019,5216908,26
2019,5217104,207
2019,5217203,91
2019,5217302,184
2019,5217401,221
2019,5217609,440
2019,5217708,154
2019,5218003,319
2019,5218052,30
2019,5218102,13
2019,5218300,193
2019,5218391,21
2019,5218508,342
2019,5218607,90
2019,5218706,40
2019,5218789,21
2019,5218805,1106
2019,5218904,154
2019,5219001,69
2019,5219100,46
2019,5219209,19
2019,5219258,30
2019,5219308,271
2019,5219357,25
2019,5219407,45
2019,5219456,17
2019,5219506,26
2019,5219605,19
2019,5219704,82
2019,5219712,28
2019,5219738,43
2019,5219753,289
2019,5219803,53
2019,5219902,43
2019,5220009,57
2019,5220058,12
2019,5220108,235
2019,5220157,49
2019,5220207,152
2019,5220264,61
2019,5220280,14
2019,5220405,147
2019,5220454,652
2019,5220504,44
2019,5220603,132
2019,5220686,41
2019,5220702,8
2019,5221007,31
2019,5221080,14
2019,5221197,40
2019,5221304,16
2019,5221403,782
2019,5221452,32
2019,5221502,45
2019,5221551,25
2019,5221577,16
2019,5221601,289
2019,5221700,85
2019,5221809,26
2019,5221858,609
2019,5221908,27
2019,5222005,88
2019,5222054,41
2019,5222203,19
2019,5222302,39
2019,2100055,600
2019,2100105,19
2019,2100154,43
2019,2100204,83
2019,2100303,102
2019,2100402,37
2019,2100436,139
2019,2100477,141
2019,2100501,66
2019,2100550,33
2019,2100600,208
2019,2100709,98
2019,2100808,56
2019,2100832,74
2019,2100873,18
2019,2100907,193
2019,2100956,153
2019,2101004,153
2019,2101103,49
2019,2101202,636
2019,2101251,77
2019,2101301,93
2019,2101350,33
2019,2101400,536
2019,2101509,107
2019,2101608,430
2019,2101707,268
2019,2101731,26
2019,2101772,66
2019,2101806,27
2019,2101905,101
2019,2101939,25
2019,2101970,22
2019,2102002,188
2019,2102036,148
2019,2102077,55
2019,2102101,160
2019,2102150,25
2019,2102200,132
2019,2102309,139
2019,2102325,299
2019,2102358,84
2019,2102374,33
2019,2102408,44
2019,2102507,82
2019,2102556,81
2019,2102606,80
2019,2102705,76
2019,2102754,55
2019,2102804,143
2019,2102903,92
2019,2103000,903
2019,2103109,55
2019,2103125,36
2019,2103158,33
2019,2103174,53
2019,2103208,445
2019,2103257,75
2019,2103307,691
2019,2103406,274
2019,2103505,174
2019,2103554,47
2019,2103604,353
2019,2103703,181
2019,2103752,86
2019,2103802,105
2019,2103901,67
2019,2104008,119
2019,2104057,177
2019,2104073,49
2019,2104081,47
2019,2104099,89
2019,2104107,55
2019,2104206,85
2019,2104305,25
2019,2104404,85
2019,2104503,63
2019,2104552,96
2019,2104602,86
2019,2104628,37
2019,2104651,43
2019,2104677,87
2019,2104701,35
2019,2104800,341
2019,2104909,76
2019,2105005,102
2019,2105104,101
2019,2105153,79
2019,2105203,62
2019,2105302,1683
2019,2105351,52
2019,2105401,319
2019,2105427,111
2019,2105450,26
2019,2105476,64
2019,2105500,152
2019,2105609,97
2019,2105658,18
2019,2105708,253
2019,2105807,60
2019,2105906,84
2019,2105922,57
2019,2105948,60
2019,2105963,61
2019,2105989,32
2019,2106003,77
2019,2106102,64
2019,2106201,25
2019,2106300,70
2019,2106326,94
2019,2106359,19
2019,2106375,62
2019,2106409,65
2019,2106508,114
2019,2106607,145
2019,2106631,29
2019,2106672,18
2019,2106706,78
2019,2106755,112
2019,2106805,78
2019,2106904,149
2019,2107001,62
2019,2107100,50
2019,2107209,57
2019,2107258,25
2019,2107308,20
2019,2107357,89
2019,2107407,78
2019,2107456,58
2019,2107506,511
2019,2107605,81
2019,2107704,116
2019,2107803,168
2019,2107902,98
2019,2108009,104
2019,2108058,68
2019,2108108,120
2019,2108207,285
2019,2108256,86
2019,2108306,170
2019,2108405,57
2019,2108454,141
2019,2108504,227
2019,2108603,487
2019,2108702,106
2019,2108801,106
2019,2108900,112
2019,2109007,140
2019,2109056,27
2019,2109106,259
2019,2109205,53
2019,2109239,23
2019,2109270,86
2019,2109304,55
2019,2109403,25
2019,2109452,133
2019,2109502,119
2019,2109551,33
2019,2109601,246
2019,2109700,25
2019,2109759,28
2019,2109809,156
2019,2109908,546
2019,2110005,307
2019,2110039,113
2019,2110104,112
2019,2110203,174
2019,2110237,28
2019,2110278,37
2019,2110302,80
2019,2110401,95
2019,2110500,188
2019,2110609,122
2019,2110658,45
2019,2110708,172
2019,2110807,34
2019,2110856,47
2019,2110906,63
2019,2111003,119
2019,2111029,66
2019,2111052,62
2019,2111078,87
2019,2111102,172
2019,2111201,942
2019,2111250,35
2019,2111300,5613
2019,2111409,111
2019,2111508,223
2019,2111532,75
2019,2111573,18
2019,2111607,114
2019,2111631,37
2019,2111672,19
2019,2111706,89
2019,2111722,28
2019,2111748,45
2019,2111763,132
2019,2111789,21
2019,2111805,80
2019,2111904,65
2019,2111953,42
2019,2112001,41
2019,2112100,128
2019,2112209,1034
2019,2112233,147
2019,2112274,31
2019,2112308,186
2019,2112407,140
2019,2112456,76
2019,2112506,273
2019,2112605,100
2019,2112704,213
2019,2112803,312
2019,2112852,59
2019,2112902,164
2019,2113009,182
2019,2114007,278
2019,1300029,52
2019,1300060,28
2019,1300086,35
2019,1300102,44
2019,1300144,63
2019,1300201,58
2019,1300300,135
2019,1300409,62
2019,1300508,132
2019,1300607,169
2019,1300631,64
2019,1300680,64
2019,1300706,145
2019,1300805,117
2019,1300839,40
2019,1300904,51
2019,1301001,123
2019,1301100,137
2019,1301159,53
2019,1301209,331
2019,1301308,79
2019,1301407,176
2019,1301506,66
2019,1301605,95
2019,1301654,60
2019,1301704,192
2019,1301803,65
2019,1301852,225
2019,1301902,429
2019,1301951,24
2019,1302009,47
2019,1302108,26
2019,1302207,22
2019,1302306,63
2019,1302405,174
2019,1302504,383
2019,1302553,73
2019,1302603,11339
2019,1302702,181
2019,1302801,30
2019,1302900,234
2019,1303007,69
2019,1303106,99
2019,1303205,67
2019,1303304,83
2019,1303403,459
2019,1303502,57
2019,1303536,120
2019,1303569,103
2019,1303601,45
2019,1303700,82
2019,1303809,252
2019,1303908,103
2019,1303957,26
2019,1304005,39
2019,1304062,302
2019,1304104,58
2019,1304203,274
2019,1304237,39
2019,1304260,39
2019,1304302,71
2019,1304401,48
2019,1600055,17
2019,1600105,22
2019,1600154,39
2019,1600204,39
2019,1600212,20
2019,1600238,34
2019,1600253,11
2019,1600279,189
2019,1600303,2312
2019,1600402,77
2019,1600501,80
2019,1600535,54
2019,1600550,9
2019,1600600,545
2019,1600709,40
2019,1600808,36
2019,2800100,29
2019,2800209,143
2019,2800308,3702
2019,2800407,55
2019,2800506,103
2019,2800605,162
2019,2800670,150
2019,2800704,48
2019,2801009,134
2019,2801108,30
2019,2801207,147
2019,2801306,216
2019,2801405,152
2019,2801504,88
2019,2801603,39
2019,2801702,115
2019,2801900,24
2019,2802007,28
2019,2802106,471
2019,2802205,39
2019,2802304,100
2019,2802403,65
2019,2802502,17
2019,2802601,46
2019,2802700,51
2019,2802809,84
2019,2802908,622
2019,2803005,225
2019,2803104,39
2019,2803203,178
2019,2803302,93
2019,2803401,84
2019,2803500,635
2019,2803609,182
2019,2803708,37
2019,2803807,26
2019,2803906,69
2019,2804003,109
2019,2804102,67
2019,2804201,84
2019,2804300,58
2019,2804409,130
2019,2804458,51
2019,2804508,207
2019,2804607,138
2019,2804706,40
2019,2804805,948
2019,2804904,77
2019,2805000,22
2019,2805109,55
2019,2805208,38
2019,2805307,49
2019,2805406,156
2019,2805505,193
2019,2805604,200
2019,2805703,202
2019,2805802,118
2019,2805901,69
2019,2806008,125
2019,2806107,50
2019,2806206,120
2019,2806305,82
2019,2806404,61
2019,2806503,28
2019,2806602,75
2019,2806701,491
2019,2806800,75
2019,2806909,23
2019,2807006,22
2019,2807105,292
2019,2807204,36
2019,2807303,19
2019,2807402,301
2019,2807501,70
2019,2807600,159
2019,4300034,27
2019,4300059,12
2019,4300109,148
2019,4300208,57
2019,4300307,80
2019,4300406,682
2019,4300455,40
2019,4300471,14
2019,4300505,78
2019,4300554,8
2019,4300570,34
2019,4300604,1467
2019,4300638,54
2019,4300646,54
2019,4300661,8
2019,4300703,58
2019,4300802,93
2019,4300851,34
2019,4300877,51
2019,4300901,65
2019,4301008,170
2019,4301057,81
2019,4301073,31
2019,4301107,119
2019,4301206,100
2019,4301305,166
2019,4301404,82
2019,4301503,65
2019,4301552,36
2019,4301602,1137
2019,4301636,134
2019,4301651,43
2019,4301701,51
2019,4301750,41
2019,4301800,56
2019,4301859,27
2019,4301875,29
2019,4301909,104
2019,4301925,15
2019,4301958,23
2019,4302006,111
2019,4302055,18
2019,4302105,796
2019,4302154,17
2019,4302204,43
2019,4302220,19
2019,4302238,15
2019,4302253,25
2019,4302303,102
2019,4302352,71
2019,4302378,15
2019,4302402,111
2019,4302451,65
2019,4302501,65
2019,4302584,21
2019,4302600,28
2019,4302659,59
2019,4302709,180
2019,4302808,388
2019,4302907,100
2019,4303004,884
2019,4303103,862
2019,4303202,27
2019,4303301,48
2019,4303400,38
2019,4303509,564
2019,4303558,27
2019,4303608,47
2019,4303673,24
2019,4303707,67
2019,4303806,56
2019,4303905,415
2019,4304002,44
2019,4304101,37
2019,4304200,295
2019,4304309,63
2019,4304358,52
2019,4304408,331
2019,4304507,522
2019,4304606,2735
2019,4304614,19
2019,4304622,13
2019,4304630,391
2019,4304655,14
2019,4304663,204
2019,4304671,37
2019,4304689,74
2019,4304697,19
2019,4304705,567
2019,4304713,73
2019,4304804,160
2019,4304853,23
2019,4304903,65
2019,4304952,22
2019,4305009,90
2019,4305108,2967
2019,4305116,27
2019,4305124,61
2019,4305132,44
2019,4305157,26
2019,4305173,62
2019,4305207,131
2019,4305306,71
2019,4305355,281
2019,4305371,35
2019,4305405,40
2019,4305439,23
2019,4305447,21
2019,4305454,170
2019,4305504,41
2019,4305587,39
2019,4305603,34
2019,4305702,53
2019,4305801,85
2019,4305835,14
2019,4305850,24
2019,4305871,32
2019,4305900,64
2019,4305934,14
2019,4305959,38
2019,4305975,25
2019,4306007,110
2019,4306056,64
2019,4306072,20
2019,4306106,619
2019,4306130,15
2019,4306205,105
2019,4306304,34
2019,4306320,35
2019,4306353,33
2019,4306379,28
2019,4306403,169
2019,4306429,14
2019,4306452,32
2019,4306502,106
2019,4306551,26
2019,4306601,362
2019,4306700,31
2019,4306734,60
2019,4306759,21
2019,4306767,256
2019,4306809,160
2019,4306908,247
2019,4306924,13
2019,4306932,64
2019,4306957,34
2019,4306973,24
2019,4307005,716
2019,4307054,22
2019,4307104,80
2019,4307203,38
2019,4307302,54
2019,4307401,23
2019,4307450,26
2019,4307500,136
2019,4307559,44
2019,4307609,286
2019,4307708,654
2019,4307807,245
2019,4307815,25
2019,4307831,23
2019,4307864,26
2019,4307906,402
2019,4308003,62
2019,4308052,19
2019,4308078,27
2019,4308102,85
2019,4308201,198
2019,4308250,18
2019,4308300,65
2019,4308409,81
2019,4308433,28
2019,4308458,37
2019,4308508,201
2019,4308607,243
2019,4308656,25
2019,4308706,56
2019,4308805,81
2019,4308854,12
2019,4308904,147
2019,4309001,126
2019,4309050,51
2019,4309100,235
2019,4309126,15
2019,4309159,20
2019,4309209,1959
2019,4309258,15
2019,4309308,696
2019,4309407,190
2019,4309506,89
2019,4309555,44
2019,4309571,33
2019,4309605,144
2019,4309654,40
2019,4309704,32
2019,4309753,30
2019,4309803,41
2019,4309902,40
2019,4309951,8
2019,4310009,185
2019,4310108,238
2019,4310207,622
2019,4310306,33
2019,4310330,214
2019,4310363,32
2019,4310405,69
2019,4310413,21
2019,4310439,41
2019,4310462,9
2019,4310504,77
2019,4310538,30
2019,4310553,21
2019,4310579,21
2019,4310603,269
2019,4310652,21
2019,4310702,20
2019,4310751,10
2019,4310801,127
2019,4310850,32
2019,4310876,18
2019,4310900,37
2019,4311007,286
2019,4311106,118
2019,4311122,38
2019,4311130,29
2019,4311155,61
2019,4311205,155
2019,4311239,23
2019,4311254,34
2019,4311270,13
2019,4311304,240
2019,4311403,506
2019,4311429,11
2019,4311502,72
2019,4311601,9
2019,4311627,44
2019,4311643,15
2019,4311700,39
2019,4311718,25
2019,4311734,24
2019,4311759,65
2019,4311775,65
2019,4311791,17
2019,4311809,201
2019,4311908,37
2019,4311981,36
2019,4312005,18
2019,4312054,38
2019,4312104,41
2019,4312138,17
2019,4312153,28
2019,4312179,26
2019,4312203,28
2019,4312252,69
2019,4312302,32
2019,4312351,20
2019,4312377,29
2019,4312385,31
2019,4312401,513
2019,4312427,22
2019,4312443,30
2019,4312450,82
2019,4312476,41
2019,4312500,91
2019,4312609,40
2019,4312617,14
2019,4312625,13
2019,4312658,139
2019,4312674,19
2019,4312708,92
2019,4312757,21
2019,4312807,37
2019,4312906,64
2019,4312955,18
2019,4313003,31
2019,4313011,23
2019,4313037,38
2019,4313060,92
2019,4313086,25
2019,4313102,36
2019,4313201,153
2019,4313300,180
2019,4313334,20
2019,4313359,24
2019,4313375,187
2019,4313391,40
2019,4313409,1842
2019,4313425,33
2019,4313441,18
2019,4313466,14
2019,4313490,37
2019,4313508,351
2019,4313607,50
2019,4313656,114
2019,4313706,264
2019,4313805,47
2019,4313904,297
2019,4313953,90
2019,4314001,40
2019,4314027,85
2019,4314035,41
2019,4314050,334
2019,4314068,32
2019,4314076,55
2019,4314100,1483
2019,4314134,27
2019,4314159,72
2019,4314175,15
2019,4314209,101
2019,4314308,26
2019,4314407,3204
2019,4314423,28
2019,4314456,19
2019,4314464,5
2019,4314472,40
2019,4314498,30
2019,4314506,146
2019,4314548,16
2019,4314555,24
2019,4314605,192
2019,4314704,94
2019,4314753,26
2019,4314779,23
2019,4314787,14
2019,4314803,242
2019,4314902,12120
2019,4315008,50
2019,4315057,30
2019,4315073,16
2019,4315107,94
2019,4315131,12
2019,4315149,21
2019,4315156,64
2019,4315172,18
2019,4315206,31
2019,4315305,212
2019,4315313,12
2019,4315321,17
2019,4315354,40
2019,4315404,61
2019,4315453,21
2019,4315503,136
2019,4315552,33
2019,4315602,1871
2019,4315701,326
2019,4315750,44
2019,4315800,93
2019,4315909,54
2019,4315958,23
2019,4316006,160
2019,4316105,82
2019,4316204,55
2019,4316303,69
2019,4316402,420
2019,4316428,19
2019,4316436,36
2019,4316451,85
2019,4316477,23
2019,4316501,55
2019,4316600,118
2019,4316709,79
2019,4316733,18
2019,4316758,52
2019,4316808,1072
2019,4316907,2161
2019,4316956,44
2019,4316972,19
2019,4317004,96
2019,4317103,781
2019,4317202,563
2019,4317251,15
2019,4317301,339
2019,4317400,397
2019,4317509,631
2019,4317558,17
2019,4317608,339
2019,4317707,100
2019,4317756,20
2019,4317806,125
2019,4317905,105
2019,4317954,10
2019,4318002,508
2019,4318051,28
2019,4318101,164
2019,4318200,169
2019,4318309,610
2019,4318408,195
2019,4318424,33
2019,4318432,33
2019,4318440,28
2019,4318457,30
2019,4318465,24
2019,4318481,27
2019,4318499,19
2019,4318507,248
2019,4318606,63
2019,4318614,20
2019,4318622,16
2019,4318705,1621
2019,4318804,417
2019,4318903,287
2019,4319000,142
2019,4319109,41
2019,4319125,26
2019,4319158,55
2019,4319208,58
2019,4319307,57
2019,4319356,14
2019,4319364,16
2019,4319372,25
2019,4319406,169
2019,4319505,186
2019,4319604,233
2019,4319703,44
2019,4319711,19
2019,4319737,18
2019,4319752,24
2019,4319802,79
2019,4319901,545
2019,4320008,945
2019,4320107,178
2019,4320206,96
2019,4320230,20
2019,4320263,64
2019,4320305,39
2019,4320321,27
2019,4320354,40
2019,4320404,121
2019,4320453,17
2019,4320503,47
2019,4320552,41
2019,4320578,27
2019,4320602,30
2019,4320651,29
2019,4320677,97
2019,4320701,126
2019,4320800,258
2019,4320859,36
2019,4320909,148
2019,4321006,89
2019,4321105,145
2019,4321204,480
2019,4321303,246
2019,4321329,23
2019,4321352,61
2019,4321402,132
2019,4321436,69
2019,4321451,217
2019,4321469,11
2019,4321477,45
2019,4321493,30
2019,4321501,326
2019,4321600,416
2019,4321626,18
2019,4321634,21
2019,4321667,72
2019,4321709,177
2019,4321808,211
2019,4321832,25
2019,4321857,37
2019,4321907,233
2019,4321956,55
2019,4322004,240
2019,4322103,59
2019,4322152,26
2019,4322186,14
2019,4322202,176
2019,4322251,31
2019,4322301,101
2019,4322327,25
2019,4322343,15
2019,4322350,8
2019,4322376,18
2019,4322400,1026
2019,4322509,491
2019,4322525,42
2019,4322533,84
2019,4322541,35
2019,4322558,17
2019,4322608,548
2019,4322707,247
2019,4322806,191
2019,4322855,20
2019,4322905,41
2019,4323002,1876
2019,4323101,57
2019,4323200,25
2019,4323309,33
2019,4323358,14
2019,4323408,38
2019,4323457,33
2019,4323507,24
2019,4323606,15
2019,4323705,29
2019,4323754,30
2019,4323770,31
2019,4323804,86
2019,4100103,62
2019,4100202,48
2019,4100301,71
2019,4100400,641
2019,4100459,38
2019,4100509,158
2019,4100608,95
2019,4100707,78
2019,4100806,78
2019,4100905,33
2019,4101002,121
2019,4101051,14
2019,4101101,193
2019,4101150,22
2019,4101200,169
2019,4101309,70
2019,4101408,975
2019,4101507,825
2019,4101606,165
2019,4101655,34
2019,4101705,101
2019,4101804,779
2019,4101853,19
2019,4101903,131
2019,4102000,272
2019,4102109,199
2019,4102208,33
2019,4102307,80
2019,4102406,258
2019,4102505,92
2019,4102604,64
2019,4102703,25
2019,4102752,28
2019,4102802,144
2019,4102901,95
2019,4103008,44
2019,4103024,14
2019,4103040,35
2019,4103057,69
2019,4103107,69
2019,4103156,38
2019,4103206,40
2019,4103222,20
2019,4103305,64
2019,4103354,32
2019,4103370,27
2019,4103404,12
2019,4103453,93
2019,4103479,42
2019,4103503,71
2019,4103602,202
2019,4103701,697
2019,4103800,62
2019,4103909,119
2019,4103958,28
2019,4104006,276
2019,4104055,29
2019,4104105,45
2019,4104204,784
2019,4104253,147
2019,4104303,664
2019,4104402,97
2019,4104428,89
2019,4104451,95
2019,4104501,133
2019,4104600,105
2019,4104659,129
2019,4104709,128
2019,4104808,1768
2019,4104907,452
2019,4105003,75
2019,4105102,105
2019,4105201,113
2019,4105300,67
2019,4105409,145
2019,4105508,502
2019,4105607,67
2019,4105706,150
2019,4105805,1316
2019,4105904,182
2019,4106001,56
2019,4106100,39
2019,4106209,102
2019,4106308,112
2019,4106407,372
2019,4106456,35
2019,4106506,175
2019,4106555,38
2019,4106571,27
2019,4106605,184
2019,4106704,33
2019,4106803,133
2019,4106852,24
2019,4106902,10943
2019,4107009,114
2019,4107108,44
2019,4107124,24
2019,4107157,42
2019,4107207,220
2019,4107256,68
2019,4107306,54
2019,4107405,43
2019,4107504,93
2019,4107520,18
2019,4107538,29
2019,4107546,41
2019,4107553,21
2019,4107603,136
2019,4107652,554
2019,4107702,49
2019,4107736,23
2019,4107751,85
2019,4107801,50
2019,4107850,32
2019,4107900,44
2019,4108007,77
2019,4108106,19
2019,4108205,66
2019,4108304,1656
2019,4108320,63
2019,4108403,502
2019,4108452,29
2019,4108502,67
2019,4108551,30
2019,4108601,248
2019,4108650,35
2019,4108700,52
2019,4108809,239
2019,4108908,56
2019,4108957,45
2019,4109005,35
2019,4109104,16
2019,4109203,39
2019,4109302,105
2019,4109401,1248
2019,4109500,43
2019,4109609,254
2019,4109658,29
2019,4109708,243
2019,4109757,30
2019,4109807,393
2019,4109906,68
2019,4110003,34
2019,4110052,15
2019,4110078,86
2019,4110102,194
2019,4110201,52
2019,4110300,19
2019,4110409,27
2019,4110508,72
2019,4110607,144
2019,4110656,27
2019,4110706,454
2019,4110805,106
2019,4110904,40
2019,4110953,86
2019,4111001,43
2019,4111100,48
2019,4111209,80
2019,4111258,151
2019,4111308,25
2019,4111407,92
2019,4111506,292
2019,4111555,54
2019,4111605,22
2019,4111704,40
2019,4111803,330
2019,4111902,128
2019,4112009,249
2019,4112108,204
2019,4112207,66
2019,4112306,40
2019,4112405,88
2019,4112504,94
2019,4112603,10
2019,4112702,103
2019,4112751,82
2019,4112801,107
2019,4112900,32
2019,4112959,78
2019,4113007,50
2019,4113106,48
2019,4113205,326
2019,4113254,42
2019,4113304,240
2019,4113403,26
2019,4113429,42
2019,4113452,40
2019,4113502,183
2019,4113601,33
2019,4113700,3683
2019,4113734,45
2019,4113759,40
2019,4113809,44
2019,4113908,92
2019,4114005,109
2019,4114104,156
2019,4114203,283
2019,4114302,145
2019,4114351,27
2019,4114401,126
2019,4114500,109
2019,4114609,325
2019,4114708,53
2019,4114807,273
2019,4114906,85
2019,4115002,66
2019,4115101,106
2019,4115200,2454
2019,4115309,49
2019,4115358,45
2019,4115408,106
2019,4115457,38
2019,4115507,46
2019,4115606,107
2019,4115705,288
2019,4115739,14
2019,4115754,68
2019,4115804,271
2019,4115853,40
2019,4115903,15
2019,4116000,17
2019,4116059,83
2019,4116109,120
2019,4116208,143
2019,4116307,34
2019,4116406,37
2019,4116505,10
2019,4116604,23
2019,4116703,92
2019,4116802,58
2019,4116901,205
2019,4116950,36
2019,4117008,58
2019,4117057,76
2019,4117107,84
2019,4117206,58
2019,4117214,29
2019,4117222,71
2019,4117255,64
2019,4117271,63
2019,4117297,24
2019,4117305,145
2019,4117404,30
2019,4117453,48
2019,4117503,279
2019,4117602,287
2019,4117701,242
2019,4117800,100
2019,4117909,212
2019,4118006,87
2019,4118105,77
2019,4118204,1012
2019,4118303,12
2019,4118402,704
2019,4118451,29
2019,4118501,518
2019,4118600,41
2019,4118709,51
2019,4118808,91
2019,4118857,58
2019,4118907,107
2019,4119004,33
2019,4119103,65
2019,4119152,677
2019,4119202,55
2019,4119251,16
2019,4119301,199
2019,4119400,195
2019,4119509,583
2019,4119608,231
2019,4119657,18
2019,4119707,29
2019,4119806,105
2019,4119905,2428
2019,4119954,196
2019,4120002,118
2019,4120101,37
2019,4120150,28
2019,4120200,20
2019,4120309,35
2019,4120333,32
2019,4120358,46
2019,4120408,31
2019,4120507,82
2019,4120606,419
2019,4120655,42
2019,4120705,74
2019,4120804,133
2019,4120853,35
2019,4120903,230
2019,4121000,78
2019,4121109,40
2019,4121208,119
2019,4121257,29
2019,4121307,39
2019,4121356,24
2019,4121406,121
2019,4121505,115
2019,4121604,48
2019,4121703,173
2019,4121752,41
2019,4121802,104
2019,4121901,137
2019,4122008,109
2019,4122107,50
2019,4122156,97
2019,4122172,31
2019,4122206,205
2019,4122305,224
2019,4122404,432
2019,4122503,106
2019,4122602,65
2019,4122651,49
2019,4122701,55
2019,4122800,26
2019,4122909,46
2019,4123006,83
2019,4123105,32
2019,4123204,26
2019,4123303,69
2019,4123402,92
2019,4123501,196
2019,4123600,10
2019,4123709,65
2019,4123808,81
2019,4123824,34
2019,4123857,61
2019,4123907,116
2019,4123956,29
2019,4124004,30
2019,4124020,70
2019,4124053,154
2019,4124103,340
2019,4124202,19
2019,4124301,22
2019,4124400,144
2019,4124509,42
2019,4124608,54
2019,4124707,54
2019,4124806,99
2019,4124905,42
2019,4125001,95
2019,4125100,91
2019,4125209,84
2019,4125308,39
2019,4125357,53
2019,4125407,42
2019,4125456,31
2019,4125506,1603
2019,4125555,13
2019,4125605,265
2019,4125704,161
2019,4125753,51
2019,4125803,73
2019,4125902,27
2019,4126009,55
2019,4126108,45
2019,4126207,52
2019,4126256,587
2019,4126272,38
2019,4126306,107
2019,4126355,45
2019,4126405,51
2019,4126504,116
2019,4126603,184
2019,4126652,25
2019,4126678,79
2019,4126702,29
2019,4126801,116
2019,4126900,47
2019,4127007,61
2019,4127106,523
2019,4127205,150
2019,4127304,123
2019,4127403,136
2019,4127502,147
2019,4127601,94
2019,4127700,780
2019,4127809,80
2019,4127858,70
2019,4127882,33
2019,4127908,83
2019,4127957,56
2019,4127965,101
2019,4128005,187
2019,4128104,764
2019,4128203,440
2019,4128302,9
2019,4128401,89
2019,4128500,157
2019,4128534,69
2019,4128559,65
2019,4128609,61
2019,4128625,26
2019,4128633,18
2019,4128658,41
2019,4128708,61
2019,4128807,50
2019,2300101,65
2019,2300150,83
2019,2300200,385
2019,2300309,376
2019,2300408,96
2019,2300507,76
2019,2300606,70
2019,2300705,96
2019,2300754,247
2019,2300804,40
2019,2300903,98
2019,2301000,491
2019,2301109,405
2019,2301208,216
2019,2301257,97
2019,2301307,148
2019,2301406,64
2019,2301505,55
2019,2301604,149
2019,2301703,185
2019,2301802,40
2019,2301851,102
2019,2301901,452
2019,2301950,163
2019,2302008,160
2019,2302057,97
2019,2302107,251
2019,2302206,339
2019,2302305,176
2019,2302404,346
2019,2302503,298
2019,2302602,376
2019,2302701,197
2019,2302800,499
2019,2302909,112
2019,2303006,99
2019,2303105,129
2019,2303204,162
2019,2303303,142
2019,2303402,117
2019,2303501,486
2019,2303600,78
2019,2303659,84
2019,2303709,1952
2019,2303808,210
2019,2303907,82
2019,2303931,67
2019,2303956,128
2019,2304004,163
2019,2304103,607
2019,2304202,917
2019,2304236,134
2019,2304251,171
2019,2304269,91
2019,2304277,48
2019,2304285,311
2019,2304301,146
2019,2304350,164
2019,2304400,15400
2019,2304459,94
2019,2304509,111
2019,2304608,50
2019,2304657,118
2019,2304707,338
2019,2304806,25
2019,2304905,78
2019,2304954,165
2019,2305001,289
2019,2305100,34
2019,2305209,146
2019,2305233,375
2019,2305266,75
2019,2305308,174
2019,2305332,73
2019,2305357,111
2019,2305407,459
2019,2305506,798
2019,2305605,204
2019,2305654,106
2019,2305704,62
2019,2305803,322
2019,2305902,317
2019,2306009,113
2019,2306108,128
2019,2306207,37
2019,2306256,244
2019,2306306,253
2019,2306405,662
2019,2306504,105
2019,2306553,215
2019,2306603,127
2019,2306702,145
2019,2306801,64
2019,2306900,261
2019,2307007,242
2019,2307106,205
2019,2307205,43
2019,2307254,101
2019,2307304,1799
2019,2307403,180
2019,2307502,239
2019,2307601,408
2019,2307635,111
2019,2307650,1350
2019,2307700,649
2019,2307809,144
2019,2307908,63
2019,2308005,243
2019,2308104,267
2019,2308203,78
2019,2308302,207
2019,2308351,105
2019,2308377,90
2019,2308401,261
2019,2308500,309
2019,2308609,139
2019,2308708,453
2019,2308807,48
2019,2308906,116
2019,2309003,105
2019,2309102,45
2019,2309201,102
2019,2309300,252
2019,2309409,189
2019,2309458,178
2019,2309508,190
2019,2309607,421
2019,2309706,357
2019,2309805,88
2019,2309904,53
2019,2310001,50
2019,2310100,70
2019,2310209,254
2019,2310258,166
2019,2310308,228
2019,2310407,66
2019,2310506,281
2019,2310605,60
2019,2310704,195
2019,2310803,114
2019,2310852,161
2019,2310902,123
2019,2310951,71
2019,2311009,87
2019,2311108,107
2019,2311207,53
2019,2311231,31
2019,2311264,134
2019,2311306,543
2019,2311355,144
2019,2311405,553
2019,2311504,141
2019,2311603,191
2019,2311702,134
2019,2311801,481
2019,2311900,112
2019,2311959,94
2019,2312007,171
2019,2312106,112
2019,2312205,306
2019,2312304,327
2019,2312403,370
2019,2312502,68
2019,2312601,83
2019,2312700,191
2019,2312809,45
2019,2312908,1191
2019,2313005,164
2019,2313104,217
2019,2313203,207
2019,2313252,69
2019,2313302,421
2019,2313351,106
2019,2313401,443
2019,2313500,319
2019,2313559,102
2019,2313609,221
2019,2313708,54
2019,2313757,138
2019,2313807,134
2019,2313906,79
2019,2313955,135
2019,2314003,270
2019,2314102,342
2019,1700251,11
2019,1700301,21
2019,1700350,54
2019,1700400,53
2019,1700707,60
2019,1701002,53
2019,1701051,25
2019,1701101,24
2019,1701309,36
2019,1701903,29
2019,1702000,49
2019,1702109,989
2019,1702158,29
2019,1702208,167
2019,1702307,39
2019,1702406,72
2019,1702554,97
2019,1702703,20
2019,1702901,70
2019,1703008,59
2019,1703057,19
2019,1703073,24
2019,1703107,36
2019,1703206,28
2019,1703305,24
2019,1703602,11
2019,1703701,31
2019,1703800,52
2019,1703826,17
2019,1703842,38
2019,1703867,27
2019,1703883,15
2019,1703891,24
2019,1703909,29
2019,1704105,12
2019,1704600,11
2019,1705102,17
2019,1705508,205
2019,1705557,29
2019,1705607,28
2019,1706001,31
2019,1706100,41
2019,1706258,5
2019,1706506,45
2019,1707009,100
2019,1707108,46
2019,1707207,32
2019,1707306,17
2019,1707405,52
2019,1707553,28
2019,1707652,44
2019,1707702,39
2019,1708205,126
2019,1708254,14
2019,1708304,25
2019,1709005,58
2019,1709302,126
2019,1709500,472
2019,1709807,12
2019,1710508,48
2019,1710706,26
2019,1710904,26
2019,1711100,15
2019,1711506,18
2019,1711803,12
2019,1711902,70
2019,1711951,17
2019,1712009,20
2019,1712157,10
2019,1712405,12
2019,1712454,11
2019,1712504,17
2019,1712702,10
2019,1712801,19
2019,1713205,102
2019,1713304,74
2019,1713601,37
2019,1713700,18
2019,1713809,29
2019,1713957,18
2019,1714203,52
2019,1714302,23
2019,1714880,69
2019,1715002,33
2019,1715101,28
2019,1715150,12
2019,1715259,11
2019,1715507,5
2019,1715705,28
2019,1715754,39
2019,1716109,270
2019,1716208,43
2019,1716307,31
2019,1716505,89
2019,1716604,63
2019,1716653,21
2019,1716703,55
2019,1717008,19
2019,1717206,8
2019,1717503,40
2019,1717800,30
2019,1717909,45
2019,1718006,18
2019,1718204,311
2019,1718303,39
2019,1718402,20
2019,1718451,11
2019,1718501,24
2019,1718550,22
2019,1718659,13
2019,1718709,14
2019,1718758,29
2019,1718808,21
2019,1718840,12
2019,1718865,42
2019,1718881,6
2019,1718899,13
2019,1718907,34
2019,1719004,15
2019,1720002,15
2019,1720101,16
2019,1720150,4
2019,1720200,47
2019,1720259,7
2019,1720309,21
2019,1720499,23
2019,1720655,32
2019,1720804,65
2019,1720853,10
2019,1720903,72
2019,1720937,8
2019,1720978,8
2019,1721000,1115
2019,1721109,43
2019,1721208,139
2019,1721257,13
2019,1721307,7
2019,1722081,59
2019,1722107,80
2019,3100104,48
2019,3100203,169
2019,3100302,86
2019,3100401,36
2019,3100500,76
2019,3100609,77
2019,3100708,18
2019,3100807,35
2019,3100906,146
2019,3101003,82
2019,3101102,219
2019,3101201,60
2019,3101300,30
2019,3101409,9
2019,3101508,336
2019,3101607,570
2019,3101631,42
2019,3101706,292
2019,3101805,68
2019,3101904,145
2019,3102001,110
2019,3102050,36
2019,3102100,119
2019,3102209,37
2019,3102308,123
2019,3102407,26
2019,3102506,51
2019,3102605,297
2019,3102704,51
2019,3102803,99
2019,3102852,44
2019,3102902,79
2019,3103009,86
2019,3103108,21
2019,3103207,19
2019,3103306,26
2019,3103405,272
2019,3103504,889
2019,3103603,26
2019,3103702,40
2019,3103751,45
2019,3103801,35
2019,3103900,46
2019,3104007,823
2019,3104106,73
2019,3104205,272
2019,3104304,124
2019,3104403,41
2019,3104452,35
2019,3104502,107
2019,3104601,99
2019,3104700,88
2019,3104809,24
2019,3104908,165
2019,3105004,78
2019,3105103,202
2019,3105202,43
2019,3105301,45
2019,3105400,170
2019,3105509,47
2019,3105608,943
2019,3105707,61
2019,3105905,185
2019,3106002,80
2019,3106101,23
2019,3106200,16368
2019,3106309,138
2019,3106408,67
2019,3106507,75
2019,3106606,38
2019,3106655,25
2019,3106705,2193
2019,3106804,37
2019,3106903,140
2019,3107000,20
2019,3107109,351
2019,3107208,22
2019,3107307,314
2019,3107406,340
2019,3107505,44
2019,3107604,30
2019,3107703,28
2019,3107802,115
2019,3107901,91
2019,3108008,167
2019,3108107,62
2019,3108206,44
2019,3108255,49
2019,3108305,163
2019,3108404,129
2019,3108503,27
2019,3108552,95
2019,3108602,235
2019,3108701,47
2019,3108800,39
2019,3108909,139
2019,3109006,391
2019,3109105,96
2019,3109204,69
2019,3109253,20
2019,3109303,146
2019,3109402,132
2019,3109451,32
2019,3109501,80
2019,3109600,44
2019,3109709,93
2019,3109808,17
2019,3109907,99
2019,3110004,292
2019,3110103,40
2019,3110202,33
2019,3110301,105
2019,3110400,29
2019,3110509,166
2019,3110608,214
2019,3110707,111
2019,3110806,43
2019,3110905,124
2019,3111002,163
2019,3111101,137
2019,3111150,20
2019,3111200,471
2019,3111309,89
2019,3111408,32
2019,3111507,100
2019,3111606,222
2019,3111705,44
2019,3111804,54
2019,3111903,48
2019,3112000,159
2019,3112059,32
2019,3112109,31
2019,3112208,38
2019,3112307,183
2019,3112406,47
2019,3112505,79
2019,3112604,129
2019,3112653,32
2019,3112703,95
2019,3112802,55
2019,3112901,53
2019,3113008,151
2019,3113107,24
2019,3113206,158
2019,3113305,335
2019,3113404,692
2019,3113503,52
2019,3113602,54
2019,3113701,156
2019,3113800,20
2019,3113909,85
2019,3114006,86
2019,3114105,106
2019,3114204,147
2019,3114303,241
2019,3114402,152
2019,3114501,127
2019,3114550,50
2019,3114600,42
2019,3114709,30
2019,3114808,38
2019,3114907,15
2019,3115003,17
2019,3115102,134
2019,3115201,20
2019,3115300,632
2019,3115359,30
2019,3115409,22
2019,3115458,75
2019,3115474,34
2019,3115508,190
2019,3115607,12
2019,3115706,71
2019,3115805,65
2019,3115904,26
2019,3116001,54
2019,3116100,71
2019,3116159,50
2019,3116209,27
2019,3116308,52
2019,3116407,11
2019,3116506,57
2019,3116605,156
2019,3116704,74
2019,3116803,69
2019,3116902,15
2019,3117009,46
2019,3117108,85
2019,3117207,24
2019,3117306,161
2019,3117405,38
2019,3117504,155
2019,3117603,42
2019,3117702,117
2019,3117801,71
2019,3117836,50
2019,3117876,39
2019,3117900,101
2019,3118007,310
2019,3118106,24
2019,3118205,52
2019,3118304,821
2019,3118403,176
2019,3118502,14
2019,3118601,3643
2019,3118700,82
2019,3118809,163
2019,3118908,83
2019,3119005,34
2019,3119104,204
2019,3119203,75
2019,3119302,194
2019,3119401,643
2019,3119500,65
2019,3119609,11
2019,3119708,28
2019,3119807,24
2019,3119906,42
2019,3119955,41
2019,3120003,31
2019,3120102,42
2019,3120151,40
2019,3120201,76
2019,3120300,21
2019,3120409,32
2019,3120508,85
2019,3120607,52
2019,3120706,29
2019,3120805,133
2019,3120839,29
2019,3120870,51
2019,3120904,617
2019,3121001,39
2019,3121100,71
2019,3121209,49
2019,3121258,47
2019,3121308,52
2019,3121407,64
2019,3121506,29
2019,3121605,327
2019,3121704,30
2019,3121803,57
2019,3121902,35
2019,3122009,156
2019,3122108,48
2019,3122207,57
2019,3122306,1406
2019,3122355,34
2019,3122405,51
2019,3122454,59
2019,3122470,20
2019,3122504,42
2019,3122603,32
2019,3122702,50
2019,3122801,33
2019,3122900,52
2019,3123007,66
2019,3123106,38
2019,3123205,133
2019,3123304,45
2019,3123403,4
2019,3123502,16
2019,3123528,39
2019,3123601,192
2019,3123700,71
2019,3123809,45
2019,3123858,42
2019,3123908,111
2019,3124005,136
2019,3124104,389
2019,3124203,199
2019,3124302,205
2019,3124401,38
2019,3124500,84
2019,3124609,18
2019,3124708,34
2019,3124807,36
2019,3124906,83
2019,3125002,28
2019,3125101,198
2019,3125200,26
2019,3125309,41
2019,3125408,45
2019,3125507,13
2019,3125606,55
2019,3125705,134
2019,3125804,26
2019,3125903,74
2019,3125952,81
2019,3126000,40
2019,3126109,577
2019,3126208,44
2019,3126307,25
2019,3126406,25
2019,3126505,54
2019,3126604,20
2019,3126703,170
2019,3126752,33
2019,3126802,37
2019,3126901,87
2019,3126950,19
2019,3127008,88
2019,3127057,41
2019,3127073,50
2019,3127107,430
2019,3127206,28
2019,3127305,52
2019,3127339,26
2019,3127354,18
2019,3127370,22
2019,3127388,32
2019,3127404,27
2019,3127503,42
2019,3127602,82
2019,3127701,2007
2019,3127800,84
2019,3127909,8
2019,3128006,212
2019,3128105,103
2019,3128204,87
2019,3128253,35
2019,3128303,181
2019,3128402,82
2019,3128501,33
2019,3128600,44
2019,3128709,430
2019,3128808,76
2019,3128907,69
2019,3129004,69
2019,3129103,38
2019,3129202,42
2019,3129301,81
2019,3129400,46
2019,3129509,158
2019,3129608,56
2019,3129657,42
2019,3129707,60
2019,3129806,907
2019,3129905,26
2019,3130002,23
2019,3130051,62
2019,3130101,242
2019,3130200,56
2019,3130309,59
2019,3130408,45
2019,3130507,94
2019,3130556,41
2019,3130606,48
2019,3130655,36
2019,3130705,36
2019,3130804,30
2019,3130903,155
2019,3131000,49
2019,3131109,46
2019,3131158,111
2019,3131208,171
2019,3131307,1273
2019,3131406,33
2019,3131505,75
2019,3131604,38
2019,3131703,747
2019,3131802,76
2019,3131901,333
2019,3132008,31
2019,3132107,143
2019,3132206,96
2019,3132305,80
2019,3132404,773
2019,3132503,163
2019,3132602,30
2019,3132701,211
2019,3132800,11
2019,3132909,104
2019,3133006,104
2019,3133105,132
2019,3133204,100
2019,3133303,165
2019,3133402,78
2019,3133501,204
2019,3133600,60
2019,3133709,83
2019,3133758,133
2019,3133808,683
2019,3133907,31
2019,3134004,95
2019,3134103,49
2019,3134202,851
2019,3134301,40
2019,3134400,266
2019,3134509,33
2019,3134608,147
2019,3134707,87
2019,3134806,63
2019,3134905,172
2019,3135001,11
2019,3135050,174
2019,3135076,35
2019,3135100,421
2019,3135209,454
2019,3135308,24
2019,3135357,57
2019,3135407,48
2019,3135456,52
2019,3135506,95
2019,3135605,50
2019,3135704,46
2019,3135803,189
2019,3135902,53
2019,3136009,119
2019,3136108,52
2019,3136207,524
2019,3136306,330
2019,3136405,39
2019,3136504,70
2019,3136520,19
2019,3136553,36
2019,3136579,32
2019,3136603,37
2019,3136652,149
2019,3136702,4466
2019,3136801,25
2019,3136900,57
2019,3136959,33
2019,3137007,106
2019,3137106,44
2019,3137205,323
2019,3137304,21
2019,3137403,94
2019,3137502,148
2019,3137536,69
2019,3137601,334
2019,3137700,135
2019,3137809,197
2019,3137908,43
2019,3138005,48
2019,3138104,33
2019,3138203,721
2019,3138302,16
2019,3138351,24
2019,3138401,468
2019,3138500,53
2019,3138609,133
2019,3138625,53
2019,3138658,75
2019,3138674,34
2019,3138682,48
2019,3138708,39
2019,3138807,172
2019,3138906,50
2019,3139003,261
2019,3139102,25
2019,3139201,126
2019,3139250,46
2019,3139300,129
2019,3139409,555
2019,3139508,185
2019,3139607,181
2019,3139706,46
2019,3139805,92
2019,3139904,113
2019,3140001,357
2019,3140100,39
2019,3140159,83
2019,3140209,34
2019,3140308,34
2019,3140407,22
2019,3140506,100
2019,3140530,69
2019,3140555,42
2019,3140605,35
2019,3140704,231
2019,3140803,116
2019,3140852,50
2019,3140902,70
2019,3141009,96
2019,3141108,233
2019,3141207,28
2019,3141306,24
2019,3141405,165
2019,3141504,43
2019,3141603,107
2019,3141702,45
2019,3141801,147
2019,3141900,38
2019,3142007,84
2019,3142106,68
2019,3142205,102
2019,3142254,32
2019,3142304,54
2019,3142403,57
2019,3142502,17
2019,3142601,73
2019,3142700,104
2019,3142809,149
2019,3142908,158
2019,3143005,102
2019,3143104,335
2019,3143153,32
2019,3143203,184
2019,3143302,2187
2019,3143401,124
2019,3143450,41
2019,3143500,54
2019,3143609,13
2019,3143708,28
2019,3143807,50
2019,3143906,917
2019,3144003,194
2019,3144102,179
2019,3144201,21
2019,3144300,339
2019,3144359,38
2019,3144375,43
2019,3144409,27
2019,3144508,51
2019,3144607,194
2019,3144656,65
2019,3144672,16
2019,3144706,110
2019,3144805,502
2019,3144904,26
2019,3145000,75
2019,3145059,41
2019,3145109,126
2019,3145208,336
2019,3145307,190
2019,3145356,69
2019,3145372,20
2019,3145406,18
2019,3145455,28
2019,3145505,20
2019,3145604,345
2019,3145703,17
2019,3145802,18
2019,3145851,39
2019,3145877,50
2019,3145901,187
2019,3146008,251
2019,3146107,471
2019,3146206,51
2019,3146255,43
2019,3146305,147
2019,3146404,39
2019,3146503,70
2019,3146552,28
2019,3146602,9
2019,3146701,58
2019,3146750,49
2019,3146909,88
2019,3147006,524
2019,3147105,607
2019,3147204,161
2019,3147303,171
2019,3147402,174
2019,3147501,18
2019,3147600,124
2019,3147709,74
2019,3147808,12
2019,3147907,823
2019,3147956,33
2019,3148004,1093
2019,3148103,578
2019,3148202,48
2019,3148301,59
2019,3148400,41
2019,3148509,72
2019,3148608,133
2019,3148707,183
2019,3148756,22
2019,3148806,43
2019,3148905,25
2019,3149002,15
2019,3149101,86
2019,3149150,62
2019,3149200,25
2019,3149309,359
2019,3149408,11
2019,3149507,27
2019,3149606,32
2019,3149705,48
2019,3149804,69
2019,3149903,138
2019,3149952,55
2019,3150000,25
2019,3150109,30
2019,3150158,48
2019,3150208,31
2019,3150307,44
2019,3150406,34
2019,3150505,53
2019,3150539,39
2019,3150570,65
2019,3150604,52
2019,3150703,18
2019,3150802,125
2019,3150901,47
2019,3151008,53
2019,3151107,73
2019,3151206,393
2019,3151305,107
2019,3151404,213
2019,3151503,281
2019,3151602,60
2019,3151701,137
2019,3151800,1233
2019,3151909,67
2019,3152006,243
2019,3152105,452
2019,3152131,32
2019,3152170,76
2019,3152204,233
2019,3152303,65
2019,3152402,137
2019,3152501,942
2019,3152600,62
2019,3152709,84
2019,3152808,171
2019,3152907,85
2019,3153004,24
2019,3153103,48
2019,3153202,16
2019,3153301,24
2019,3153400,144
2019,3153509,67
2019,3153608,59
2019,3153707,24
2019,3153806,18
2019,3153905,110
2019,3154002,195
2019,3154101,121
2019,3154150,37
2019,3154200,76
2019,3154309,145
2019,3154408,34
2019,3154457,42
2019,3154507,69
2019,3154606,1577
2019,3154705,36
2019,3154804,60
2019,3154903,121
2019,3155009,22
2019,3155108,39
2019,3155207,48
2019,3155306,41
2019,3155405,47
2019,3155504,80
2019,3155603,133
2019,3155702,90
2019,3155801,148
2019,3155900,47
2019,3156007,84
2019,3156106,35
2019,3156205,19
2019,3156304,65
2019,3156403,28
2019,3156452,45
2019,3156502,53
2019,3156601,73
2019,3156700,778
2019,3156809,118
2019,3156908,171
2019,3157005,278
2019,3157104,46
2019,3157203,174
2019,3157252,59
2019,3157278,27
2019,3157302,40
2019,3157336,63
2019,3157377,30
2019,3157401,37
2019,3157500,27
2019,3157609,22
2019,3157658,58
2019,3157708,75
2019,3157807,1302
2019,3157906,89
2019,3158003,74
2019,3158102,28
2019,3158201,109
2019,3158300,42
2019,3158409,33
2019,3158508,43
2019,3158607,22
2019,3158706,22
2019,3158805,46
2019,3158904,59
2019,3158953,192
2019,3159001,17
2019,3159100,27
2019,3159209,83
2019,3159308,37
2019,3159357,43
2019,3159407,31
2019,3159506,51
2019,3159605,290
2019,3159704,20
2019,3159803,152
2019,3159902,140
2019,3160009,31
2019,3160108,36
2019,3160207,25
2019,3160306,63
2019,3160405,151
2019,3160454,31
2019,3160504,19
2019,3160603,21
2019,3160702,443
2019,3160801,29
2019,3160900,31
2019,3160959,26
2019,3161007,125
2019,3161056,24
2019,3161106,375
2019,3161205,49
2019,3161304,37
2019,3161403,47
2019,3161502,74
2019,3161601,28
2019,3161650,28
2019,3161700,54
2019,3161809,81
2019,3161908,69
2019,3162005,187
2019,3162104,261
2019,3162203,54
2019,3162252,21
2019,3162302,14
2019,3162401,152
2019,3162450,64
2019,3162500,729
2019,3162559,78
2019,3162575,45
2019,3162609,68
2019,3162658,24
2019,3162708,151
2019,3162807,148
2019,3162906,216
2019,3162922,160
2019,3162948,48
2019,3162955,123
2019,3163003,28
2019,3163102,26
2019,3163201,25
2019,3163300,29
2019,3163409,40
2019,3163508,55
2019,3163607,17
2019,3163706,362
2019,3163805,42
2019,3163904,49
2019,3164001,68
2019,3164100,45
2019,3164209,49
2019,3164308,48
2019,3164407,39
2019,3164431,25
2019,3164472,35
2019,3164506,62
2019,3164605,31
2019,3164704,558
2019,3164803,12
2019,3164902,20
2019,3165008,79
2019,3165107,62
2019,3165206,41
2019,3165305,53
2019,3165404,35
2019,3165503,41
2019,3165537,139
2019,3165552,63
2019,3165560,30
2019,3165578,36
2019,3165602,24
2019,3165701,62
2019,3165800,17
2019,3165909,27
2019,3166006,44
2019,3166105,26
2019,3166204,90
2019,3166303,53
2019,3166402,16
2019,3166501,24
2019,3166600,4
2019,3166709,70
2019,3166808,87
2019,3166907,69
2019,3166956,29
2019,3167004,23
2019,3167103,131
2019,3167202,1425
2019,3167301,21
2019,3167400,57
2019,3167509,22
2019,3167608,120
2019,3167707,50
2019,3167806,36
2019,3167905,32
2019,3168002,194
2019,3168051,31
2019,3168101,25
2019,3168200,12
2019,3168309,27
2019,3168408,138
2019,3168507,87
2019,3168606,1037
2019,3168705,494
2019,3168804,49
2019,3168903,53
2019,3169000,140
2019,3169059,18
2019,3169109,49
2019,3169208,93
2019,3169307,540
2019,3169356,211
2019,3169406,381
2019,3169505,48
2019,3169604,223
2019,3169703,103
2019,3169802,44
2019,3169901,715
2019,3170008,95
2019,3170057,105
2019,3170107,2367
2019,3170206,4065
2019,3170305,17
2019,3170404,537
2019,3170438,23
2019,3170479,17
2019,3170503,82
2019,3170529,43
2019,3170578,55
2019,3170602,12
2019,3170651,20
2019,3170701,916
2019,3170750,24
2019,3170800,200
2019,3170909,108
2019,3171006,157
2019,3171030,54
2019,3171071,30
2019,3171105,16
2019,3171154,30
2019,3171204,610
2019,3171303,458
2019,3171402,30
2019,3171501,33
2019,3171600,77
2019,3171709,68
2019,3171808,86
2019,3171907,52
2019,3172004,291
2019,3172103,62
2019,3172202,27
2019,5000203,59
2019,5000252,22
2019,5000609,260
2019,5000708,190
2019,5000807,37
2019,5000856,69
2019,5000906,62
2019,5001003,167
2019,5001102,385
2019,5001243,59
2019,5001508,38
2019,5001904,143
2019,5002001,66
2019,5002100,158
2019,5002159,50
2019,5002209,150
2019,5002308,67
2019,5002407,173
2019,5002605,109
2019,5002704,5419
2019,5002803,23
2019,5002902,190
2019,5002951,108
2019,5003108,21
2019,5003157,122
2019,5003207,717
2019,5003256,129
2019,5003306,277
2019,5003454,92
2019,5003488,72
2019,5003504,45
2019,5003702,1370
2019,5003751,74
2019,5003801,170
2019,5003900,6
2019,5004007,80
2019,5004106,83
2019,5004304,89
2019,5004403,44
2019,5004502,137
2019,5004601,120
2019,5004700,187
2019,5004809,41
2019,5004908,27
2019,5005004,192
2019,5005103,12
2019,5005152,49
2019,5005202,110
2019,5005251,47
2019,5005400,216
2019,5005608,170
2019,5005681,156
2019,5005707,302
2019,5005806,75
2019,5006002,71
2019,5006200,281
2019,5006259,38
2019,5006275,19
2019,5006309,319
2019,5006358,87
2019,5006408,71
2019,5006606,595
2019,5006903,86
2019,5007109,114
2019,5007208,188
2019,5007307,37
2019,5007406,128
2019,5007505,28
2019,5007554,31
2019,5007695,137
2019,5007703,85
2019,5007802,45
2019,5007901,213
2019,5007935,54
2019,5007950,71
2019,5007976,29
2019,5008008,82
2019,5008305,714
2019,5008404,54
2019,2500106,54
2019,2500205,31
2019,2500304,217
2019,2500403,152
2019,2500502,73
2019,2500536,39
2019,2500577,16
2019,2500601,121
2019,2500700,130
2019,2500734,22
2019,2500775,55
2019,2500809,122
2019,2500908,96
2019,2501005,96
2019,2501104,162
2019,2501153,7
2019,2501203,46
2019,2501302,151
2019,2501351,26
2019,2501401,46
2019,2501500,173
2019,2501534,38
2019,2501575,59
2019,2501609,95
2019,2501708,45
2019,2501807,672
2019,2501906,145
2019,2502003,55
2019,2502052,24
2019,2502102,36
2019,2502151,50
2019,2502201,28
2019,2502300,39
2019,2502409,70
2019,2502508,128
2019,2502607,43
2019,2502706,40
2019,2502805,87
2019,2502904,41
2019,2503001,98
2019,2503100,48
2019,2503209,380
2019,2503308,59
2019,2503407,21
2019,2503506,117
2019,2503555,36
2019,2503605,68
2019,2503704,447
2019,2503753,16
2019,2503803,38
2019,2503902,46
2019,2504009,2950
2019,2504033,29
2019,2504074,24
2019,2504108,12
2019,2504157,36
2019,2504207,27
2019,2504306,221
2019,2504355,41
2019,2504405,128
2019,2504504,53
2019,2504603,157
2019,2504702,39
2019,2504801,92
2019,2504850,11
2019,2504900,105
2019,2505006,67
2019,2505105,157
2019,2505204,45
2019,2505238,58
2019,2505279,44
2019,2505303,15
2019,2505352,27
2019,2505402,66
2019,2505501,33
2019,2505600,44
2019,2505709,73
2019,2505808,24
2019,2505907,14
2019,2506004,247
2019,2506103,97
2019,2506202,25
2019,2506251,61
2019,2506301,379
2019,2506400,94
2019,2506509,25
2019,2506608,45
2019,2506707,62
2019,2506806,124
2019,2506905,225
2019,2507002,162
2019,2507101,129
2019,2507200,54
2019,2507309,111
2019,2507408,64
2019,2507507,5218
2019,2507606,51
2019,2507705,111
2019,2507804,32
2019,2507903,71
2019,2508000,49
2019,2508109,32
2019,2508208,70
2019,2508307,209
2019,2508406,18
2019,2508505,55
2019,2508554,18
2019,2508604,84
2019,2508703,27
2019,2508802,52
2019,2508901,306
2019,2509008,58
2019,2509057,36
2019,2509107,140
2019,2509156,37
2019,2509206,85
2019,2509305,39
2019,2509339,36
2019,2509370,17
2019,2509396,44
2019,2509404,94
2019,2509503,47
2019,2509602,33
2019,2509701,304
2019,2509800,79
2019,2509909,42
2019,2510006,47
2019,2510105,89
2019,2510204,34
2019,2510303,22
2019,2510402,49
2019,2510501,26
2019,2510600,26
2019,2510659,18
2019,2510709,20
2019,2510808,633
2019,2510907,97
2019,2511004,19
2019,2511103,41
2019,2511202,196
2019,2511301,142
2019,2511400,129
2019,2511509,75
2019,2511608,58
2019,2511707,43
2019,2511806,57
2019,2511905,90
2019,2512002,122
2019,2512036,23
2019,2512077,32
2019,2512101,256
2019,2512200,20
2019,2512309,137
2019,2512408,98
2019,2512507,320
2019,2512606,12
2019,2512705,160
2019,2512721,45
2019,2512747,22
2019,2512754,34
2019,2512762,24
2019,2512788,15
2019,2512804,64
2019,2512903,159
2019,2513000,17
2019,2513109,93
2019,2513158,38
2019,2513208,62
2019,2513307,53
2019,2513356,15
2019,2513406,98
2019,2513505,24
2019,2513604,41
2019,2513653,27
2019,2513703,1097
2019,2513802,30
2019,2513851,33
2019,2513901,189
2019,2513927,27
2019,2513943,20
2019,2513968,24
2019,2513984,29
2019,2514008,43
2019,2514107,32
2019,2514206,53
2019,2514305,24
2019,2514404,36
2019,2514453,43
2019,2514503,138
2019,2514552,16
2019,2514602,24
2019,2514651,9
2019,2514701,28
2019,2514800,19
2019,2514909,50
2019,2515005,49
2019,2515104,80
2019,2515203,27
2019,2515302,338
2019,2515401,39
2019,2515500,132
2019,2515609,16
2019,2515708,27
2019,2515807,52
2019,2515906,51
2019,2515930,38
2019,2515971,49
2019,2516003,203
2019,2516102,99
2019,2516151,27
2019,2516201,549
2019,2516300,126
2019,2516409,68
2019,2516508,81
2019,2516607,85
2019,2516706,87
2019,2516755,15
2019,2516805,81
2019,2516904,111
2019,2517001,47
2019,2517100,17
2019,2517209,47
2019,2517407,19
2019,1500107,664
2019,1500131,46
2019,1500206,242
2019,1500305,94
2019,1500347,60
2019,1500404,255
2019,1500503,117
2019,1500602,692
2019,1500701,89
2019,1500800,2668
2019,1500859,163
2019,1500909,202
2019,1500958,95
2019,1501006,46
2019,1501105,61
2019,1501204,135
2019,1501253,23
2019,1501303,534
2019,1501402,9335
2019,1501451,108
2019,1501501,286
2019,1501576,64
2019,1501600,67
2019,1501709,667
2019,1501725,78
2019,1501758,31
2019,1501782,223
2019,1501808,352
2019,1501907,121
2019,1501956,76
2019,1502004,91
2019,1502103,539
2019,1502152,180
2019,1502202,422
2019,1502301,242
2019,1502400,1111
2019,1502509,42
2019,1502608,61
2019,1502707,278
2019,1502756,119
2019,1502764,47
2019,1502772,114
2019,1502806,101
2019,1502855,60
2019,1502905,226
2019,1502939,199
2019,1502954,150
2019,1503002,41
2019,1503044,89
2019,1503077,114
2019,1503093,136
2019,1503101,97
2019,1503200,210
2019,1503309,237
2019,1503408,54
2019,1503457,157
2019,1503507,151
2019,1503606,739
2019,1503705,204
2019,1503754,75
2019,1503804,250
2019,1503903,199
2019,1504000,70
2019,1504059,213
2019,1504109,42
2019,1504208,1412
2019,1504307,140
2019,1504406,145
2019,1504422,604
2019,1504455,121
2019,1504505,51
2019,1504604,104
2019,1504703,305
2019,1504752,81
2019,1504802,302
2019,1504901,137
2019,1504950,71
2019,1504976,73
2019,1505007,77
2019,1505031,140
2019,1505064,273
2019,1505106,241
2019,1505205,114
2019,1505304,263
2019,1505403,75
2019,1505437,146
2019,1505486,177
2019,1505494,34
2019,1505502,462
2019,1505536,813
2019,1505551,45
2019,1505601,56
2019,1505635,54
2019,1505650,87
2019,1505700,99
2019,1505809,183
2019,1505908,130
2019,1506005,101
2019,1506104,71
2019,1506112,61
2019,1506138,538
2019,1506161,113
2019,1506187,228
2019,1506195,135
2019,1506203,223
2019,1506302,108
2019,1506351,127
2019,1506401,24
2019,1506500,337
2019,1506559,92
2019,1506583,63
2019,1506609,152
2019,1506708,187
2019,1506807,1695
2019,1506906,36
2019,1507003,148
2019,1507102,85
2019,1507151,111
2019,1507201,113
2019,1507300,316
2019,1507409,97
2019,1507458,116
2019,1507466,43
2019,1507474,141
2019,1507508,53
2019,1507607,306
2019,1507706,60
2019,1507755,28
2019,1507805,69
2019,1507904,96
2019,1507953,291
2019,1507961,56
2019,1507979,69
2019,1508001,350
2019,1508035,144
2019,1508050,70
2019,1508084,194
2019,1508100,431
2019,1508126,141
2019,1508159,207
2019,1508209,281
2019,1508308,208
2019,1508357,77
2019,1508407,225
2019,2900108,90
2019,2900207,94
2019,2900306,129
2019,2900355,94
2019,2900405,115
2019,2900504,64
2019,2900603,29
2019,2900702,1156
2019,2900801,146
2019,2900900,52
2019,2901007,291
2019,2901106,165
2019,2901155,106
2019,2901205,141
2019,2901304,72
2019,2901353,92
2019,2901403,99
2019,2901502,74
2019,2901601,86
2019,2901700,69
2019,2901809,76
2019,2901908,149
2019,2901957,46
2019,2902005,89
2019,2902054,79
2019,2902104,297
2019,2902203,57
2019,2902252,61
2019,2902302,55
2019,2902401,134
2019,2902500,78
2019,2902609,159
2019,2902658,76
2019,2902708,275
2019,2902807,163
2019,2902906,237
2019,2903003,98
2019,2903102,34
2019,2903201,779
2019,2903235,86
2019,2903276,86
2019,2903300,42
2019,2903409,149
2019,2903508,144
2019,2903607,124
2019,2903706,112
2019,2903805,106
2019,2903904,353
2019,2903953,65
2019,2904001,102
2019,2904050,87
2019,2904100,125
2019,2904209,54
2019,2904308,86
2019,2904407,53
2019,2904506,92
2019,2904605,434
2019,2904704,154
2019,2904753,93
2019,2904803,40
2019,2904852,127
2019,2904902,229
2019,2905008,133
2019,2905107,74
2019,2905156,66
2019,2905206,322
2019,2905305,102
2019,2905404,80
2019,2905503,85
2019,2905602,213
2019,2905701,1455
2019,2905800,234
2019,2905909,154
2019,2906006,428
2019,2906105,39
2019,2906204,165
2019,2906303,243
2019,2906402,59
2019,2906501,554
2019,2906600,105
2019,2906709,224
2019,2906808,227
2019,2906824,61
2019,2906857,88
2019,2906873,167
2019,2906899,71
2019,2906907,132
2019,2907004,59
2019,2907103,160
2019,2907202,400
2019,2907301,194
2019,2907400,20
2019,2907509,345
2019,2907558,61
2019,2907608,101
2019,2907707,70
2019,2907806,230
2019,2907905,116
2019,2908002,186
2019,2908101,97
2019,2908200,135
2019,2908309,140
2019,2908408,400
2019,2908507,213
2019,2908606,129
2019,2908705,112
2019,2908804,22
2019,2908903,163
2019,2909000,54
2019,2909109,83
2019,2909208,91
2019,2909307,119
2019,2909406,88
2019,2909505,41
2019,2909604,153
2019,2909703,83
2019,2909802,397
2019,2909901,209
2019,2910008,79
2019,2910057,404
2019,2910107,85
2019,2910206,35
2019,2910305,58
2019,2910404,118
2019,2910503,256
2019,2910602,217
2019,2910701,432
2019,2910727,741
2019,2910750,126
2019,2910776,30
2019,2910800,3984
2019,2910859,86
2019,2910909,43
2019,2911006,107
2019,2911105,131
2019,2911204,192
2019,2911253,19
2019,2911303,71
2019,2911402,103
2019,2911501,52
2019,2911600,136
2019,2911659,58
2019,2911709,564
2019,2911808,110
2019,2911857,65
2019,2911907,173
2019,2912004,64
2019,2912103,206
2019,2912202,78
2019,2912301,111
2019,2912400,118
2019,2912509,87
2019,2912608,27
2019,2912707,145
2019,2912806,62
2019,2912905,202
2019,2913002,118
2019,2913101,107
2019,2913200,176
2019,2913309,44
2019,2913408,81
2019,2913457,72
2019,2913507,180
2019,2913606,1455
2019,2913705,284
2019,2913804,101
2019,2913903,354
2019,2914000,419
2019,2914109,65
2019,2914208,47
2019,2914307,57
2019,2914406,152
2019,2914505,212
2019,2914604,458
2019,2914653,179
2019,2914703,462
2019,2914802,1648
2019,2914901,105
2019,2915007,81
2019,2915106,108
2019,2915205,120
2019,2915304,49
2019,2915353,55
2019,2915403,46
2019,2915502,192
2019,2915601,429
2019,2915700,58
2019,2915809,181
2019,2915908,31
2019,2916005,143
2019,2916104,147
2019,2916203,78
2019,2916302,62
2019,2916401,524
2019,2916500,189
2019,2916609,64
2019,2916708,54
2019,2916807,105
2019,2916856,94
2019,2916906,94
2019,2917003,233
2019,2917102,176
2019,2917201,131
2019,2917300,168
2019,2917334,63
2019,2917359,64
2019,2917409,107
2019,2917508,611
2019,2917607,343
2019,2917706,229
2019,2917805,110
2019,2917904,58
2019,2918001,1183
2019,2918100,242
2019,2918209,79
2019,2918308,110
2019,2918357,153
2019,2918407,1453
2019,2918456,54
2019,2918506,130
2019,2918555,52
2019,2918605,62
2019,2918704,30
2019,2918753,77
2019,2918803,158
2019,2918902,37
2019,2919009,21
2019,2919058,59
2019,2919108,62
2019,2919157,194
2019,2919207,1131
2019,2919306,54
2019,2919405,73
2019,2919504,259
2019,2919553,307
2019,2919603,87
2019,2919702,121
2019,2919801,270
2019,2919900,50
2019,2919926,90
2019,2919959,51
2019,2920007,56
2019,2920106,146
2019,2920205,75
2019,2920304,65
2019,2920403,82
2019,2920452,44
2019,2920502,189
2019,2920601,285
2019,2920700,85
2019,2920809,71
2019,2920908,81
2019,2921005,281
2019,2921054,57
2019,2921104,193
2019,2921203,192
2019,2921302,74
2019,2921401,91
2019,2921450,53
2019,2921500,322
2019,2921609,55
2019,2921708,232
2019,2921807,95
2019,2921906,67
2019,2922003,183
2019,2922052,92
2019,2922102,135
2019,2922201,46
2019,2922250,43
2019,2922300,221
2019,2922409,132
2019,2922508,211
2019,2922607,77
2019,2922656,76
2019,2922706,80
2019,2922730,49
2019,2922755,36
2019,2922805,44
2019,2922854,49
2019,2922904,140
2019,2923001,234
2019,2923035,65
2019,2923050,53
2019,2923100,162
2019,2923209,164
2019,2923308,58
2019,2923357,125
2019,2923407,140
2019,2923506,67
2019,2923605,125
2019,2923704,185
2019,2923803,167
2019,2923902,63
2019,2924009,760
2019,2924058,58
2019,2924108,41
2019,2924207,60
2019,2924306,130
2019,2924405,145
2019,2924504,97
2019,2924603,143
2019,2924652,76
2019,2924678,48
2019,2924702,69
2019,2924801,144
2019,2924900,46
2019,2925006,182
2019,2925105,364
2019,2925204,218
2019,2925253,108
2019,2925303,694
2019,2925402,64
2019,2925501,176
2019,2925600,85
2019,2925709,82
2019,2925758,156
2019,2925808,177
2019,2925907,152
2019,2925931,63
2019,2925956,173
2019,2926004,229
2019,2926103,96
2019,2926202,144
2019,2926301,230
2019,2926400,191
2019,2926509,95
2019,2926608,346
2019,2926657,47
2019,2926707,95
2019,2926806,74
2019,2926905,64
2019,2927002,254
2019,2927101,54
2019,2927200,241
2019,2927309,90
2019,2927408,16853
2019,2927507,170
2019,2927606,76
2019,2927705,175
2019,2927804,51
2019,2927903,108
2019,2928000,201
2019,2928059,87
2019,2928109,242
2019,2928208,165
2019,2928307,78
2019,2928406,170
2019,2928505,66
2019,2928604,410
2019,2928703,681
2019,2928802,377
2019,2928901,161
2019,2928950,66
2019,2929008,82
2019,2929057,65
2019,2929107,148
2019,2929206,207
2019,2929255,94
2019,2929305,213
2019,2929354,55
2019,2929370,70
2019,2929404,72
2019,2929503,256
2019,2929602,138
2019,2929701,112
2019,2929750,77
2019,2929800,80
2019,2929909,250
2019,2930006,72
2019,2930105,568
2019,2930154,170
2019,2930204,157
2019,2930303,111
2019,2930402,137
2019,2930501,553
2019,2930600,105
2019,2930709,700
2019,2930758,62
2019,2930766,74
2019,2930774,161
2019,2930808,129
2019,2930907,54
2019,2931004,137
2019,2931053,114
2019,2931103,66
2019,2931202,99
2019,2931301,79
2019,2931350,938
2019,2931400,43
2019,2931509,111
2019,2931608,77
2019,2931707,76
2019,2931806,145
2019,2931905,268
2019,2932002,142
2019,2932101,136
2019,2932200,170
2019,2932309,169
2019,2932408,98
2019,2932457,77
2019,2932507,140
2019,2932606,89
2019,2932705,183
2019,2932804,132
2019,2932903,610
2019,2933000,118
2019,2933059,103
2019,2933109,54
2019,2933158,92
2019,2933174,71
2019,2933208,330
2019,2933257,50
2019,2933307,2187
2019,2933406,66
2019,2933455,81
2019,2933505,126
2019,2933604,300
2019,2600054,695
2019,2600104,287
2019,2600203,112
2019,2600302,200
2019,2600401,200
2019,2600500,273
2019,2600609,111
2019,2600708,267
2019,2600807,187
2019,2600906,144
2019,2601003,89
2019,2601052,137
2019,2601102,495
2019,2601201,556
2019,2601300,85
2019,2601409,325
2019,2601508,72
2019,2601607,116
2019,2601706,659
2019,2601805,83
2019,2601904,605
2019,2602001,191
2019,2602100,335
2019,2602209,308
2019,2602308,311
2019,2602407,72
2019,2602506,46
2019,2602605,301
2019,2602704,102
2019,2602803,338
2019,2602902,1307
2019,2603009,166
2019,2603108,172
2019,2603207,161
2019,2603306,74
2019,2603405,36
2019,2603454,1153
2019,2603504,158
2019,2603603,68
2019,2603702,168
2019,2603801,143
2019,2603900,135
2019,2603926,63
2019,2604007,566
2019,2604106,2372
2019,2604155,76
2019,2604205,281
2019,2604304,66
2019,2604403,98
2019,2604502,158
2019,2604601,193
2019,2604700,122
2019,2604809,81
2019,2604908,136
2019,2605004,223
2019,2605103,231
2019,2605152,112
2019,2605202,477
2019,2605301,214
2019,2605400,163
2019,2605459,3
2019,2605509,87
2019,2605608,155
2019,2605707,190
2019,2605806,122
2019,2605905,179
2019,2606002,1049
2019,2606101,188
2019,2606200,535
2019,2606309,43
2019,2606408,615
2019,2606507,136
2019,2606606,156
2019,2606705,61
2019,2606804,691
2019,2606903,79
2019,2607000,120
2019,2607109,31
2019,2607208,529
2019,2607307,166
2019,2607406,26
2019,2607505,171
2019,2607604,125
2019,2607653,228
2019,2607703,131
2019,2607752,161
2019,2607802,116
2019,2607901,4359
2019,2607950,79
2019,2608008,110
2019,2608057,92
2019,2608107,212
2019,2608206,81
2019,2608255,76
2019,2608305,128
2019,2608404,121
2019,2608453,129
2019,2608503,175
2019,2608602,103
2019,2608701,105
2019,2608750,109
2019,2608800,331
2019,2608909,489
2019,2609006,202
2019,2609105,106
2019,2609154,80
2019,2609204,69
2019,2609303,95
2019,2609402,392
2019,2609501,255
2019,2609600,3017
2019,2609709,172
2019,2609808,78
2019,2609907,409
2019,2610004,449
2019,2610103,60
2019,2610202,219
2019,2610301,99
2019,2610400,117
2019,2610509,207
2019,2610608,363
2019,2610707,2127
2019,2610806,150
2019,2610905,481
2019,2611002,238
2019,2611101,1911
2019,2611200,107
2019,2611309,182
2019,2611408,82
2019,2611507,160
2019,2611533,36
2019,2611606,11566
2019,2611705,186
2019,2611804,279
2019,2611903,119
2019,2612000,91
2019,2612109,35
2019,2612208,402
2019,2612307,125
2019,2612406,158
2019,2612455,102
2019,2612471,96
2019,2612505,418
2019,2612554,74
2019,2612604,206
2019,2612703,124
2019,2612802,76
2019,2612901,66
2019,2613008,361
2019,2613107,274
2019,2613206,151
2019,2613305,180
2019,2613404,133
2019,2613503,226
2019,2613602,250
2019,2613701,789
2019,2613800,141
2019,2613909,609
2019,2614006,93
2019,2614105,285
2019,2614204,224
2019,2614303,63
2019,2614402,45
2019,2614501,455
2019,2614600,226
2019,2614709,81
2019,2614808,135
2019,2614857,129
2019,2615003,162
2019,2615102,45
2019,2615201,56
2019,2615300,415
2019,2615409,189
2019,2615508,99
2019,2615607,192
2019,2615706,130
2019,2615805,125
2019,2615904,88
2019,2616001,122
2019,2616100,66
2019,2616183,80
2019,2616209,174
2019,2616308,201
2019,2616407,1101
2019,2616506,93
2019,2400109,79
2019,2400208,300
2019,2400307,57
2019,2400406,21
2019,2400505,90
2019,2400604,43
2019,2400703,63
2019,2400802,88
2019,2400901,74
2019,2401008,236
2019,2401107,202
2019,2401206,64
2019,2401305,44
2019,2401404,64
2019,2401453,124
2019,2401503,27
2019,2401602,21
2019,2401651,21
2019,2401701,66
2019,2401800,70
2019,2401859,35
2019,2401909,37
2019,2402006,486
2019,2402105,60
2019,2402204,181
2019,2402303,167
2019,2402402,47
2019,2402501,76
2019,2402600,481
2019,2402709,82
2019,2402808,27
2019,2402907,32
2019,2403004,74
2019,2403103,315
2019,2403202,60
2019,2403251,1158
2019,2403301,43
2019,2403400,28
2019,2403509,51
2019,2403608,225
2019,2403707,49
2019,2403756,16
2019,2403806,69
2019,2403905,23
2019,2404002,36
2019,2404101,8
2019,2404200,146
2019,2404309,98
2019,2404408,59
2019,2404507,88
2019,2404606,62
2019,2404705,81
2019,2404804,9
2019,2404853,47
2019,2404903,37
2019,2405009,82
2019,2405108,36
2019,2405207,45
2019,2405306,54
2019,2405405,19
2019,2405504,16
2019,2405603,85
2019,2405702,109
2019,2405801,224
2019,2405900,26
2019,2406007,65
2019,2406106,120
2019,2406155,27
2019,2406205,36
2019,2406304,53
2019,2406403,9
2019,2406502,97
2019,2406601,53
2019,2406700,81
2019,2406809,33
2019,2406908,25
2019,2407005,66
2019,2407104,524
2019,2407203,152
2019,2407252,22
2019,2407302,56
2019,2407401,72
2019,2407500,50
2019,2407609,30
2019,2407708,82
2019,2407807,125
2019,2407906,21
2019,2408003,1852
2019,2408102,5600
2019,2408201,147
2019,2408300,218
2019,2408409,31
2019,2408508,27
2019,2408607,29
2019,2408706,15
2019,2408805,30
2019,2408904,160
2019,2408953,55
2019,2409100,78
2019,2409209,19
2019,2409308,105
2019,2409332,21
2019,2409407,222
2019,2409506,28
2019,2409605,16
2019,2409704,34
2019,2409803,97
2019,2409902,89
2019,2410009,22
2019,2410108,80
2019,2410207,63
2019,2410256,36
2019,2410306,55
2019,2410405,58
2019,2410504,37
2019,2410603,19
2019,2410702,18
2019,2410801,29
2019,2410900,30
2019,2411007,37
2019,2411056,24
2019,2411106,12
2019,2411205,254
2019,2411403,83
2019,2411429,16
2019,2411502,178
2019,2411601,14
2019,2411700,19
2019,2411809,39
2019,2411908,31
2019,2412005,604
2019,2412104,51
2019,2412203,263
2019,2412302,79
2019,2412401,22
2019,2412500,198
2019,2412559,55
2019,2412609,122
2019,2412708,44
2019,2412807,68
2019,2412906,82
2019,2413003,41
2019,2413102,48
2019,2413201,28
2019,2413300,43
2019,2413359,59
2019,2413409,68
2019,2413508,50
2019,2413557,30
2019,2413607,41
2019,2413706,35
2019,2413805,11
2019,2413904,84
2019,2414001,100
2019,2414100,71
2019,2414159,42
2019,2414209,66
2019,2414308,13
2019,2414407,198
2019,2414456,28
2019,2414506,98
2019,2414605,71
2019,2414704,36
2019,2414753,24
2019,2414803,101
2019,2414902,8
2019,2415008,14
2019,1200013,48
2019,1200054,41
2019,1200104,148
2019,1200138,42
2019,1200179,46
2019,1200203,426
2019,1200252,86
2019,1200302,166
2019,1200328,20
2019,1200336,87
2019,1200344,53
2019,1200351,43
2019,1200385,71
2019,1200393,29
2019,1200401,1953
2019,1200427,64
2019,1200435,25
2019,1200450,144
2019,1200500,197
2019,1200609,204
2019,1200708,98
2019,1200807,85
2019,1100015,140
2019,1100023,502
2019,1100031,41
2019,1100049,491
2019,1100056,107
2019,1100064,85
2019,1100072,32
2019,1100080,56
2019,1100098,167
2019,1100106,216
2019,1100114,277
2019,1100122,650
2019,1100130,129
2019,1100148,105
2019,1100155,242
2019,1100189,217
2019,1100205,2217
2019,1100254,111
2019,1100262,12
2019,1100288,317
2019,1100296,55
2019,1100304,476
2019,1100320,118
2019,1100338,118
2019,1100346,77
2019,1100379,52
2019,1100403,75
2019,1100452,147
2019,1100502,42
2019,1100601,27
2019,1100700,43
2019,1100809,128
2019,1100908,8
2019,1100924,41
2019,1100940,46
2019,1101005,58
2019,1101104,33
2019,1101203,40
2019,1101302,62
2019,1101401,98
2019,1101435,30
2019,1101450,12
2019,1101468,9
2019,1101476,27
2019,1101484,39
2019,1101492,83
2019,1101500,57
2019,1101559,26
2019,1101609,38
2019,1101708,54
2019,1101757,34
2019,1101807,52
2019,3500105,347
2019,3500204,28
2019,3500303,276
2019,3500402,75
2019,3500501,175
2019,3500550,56
2019,3500600,48
2019,3500709,273
2019,3500758,44
2019,3500808,36
2019,3500907,28
2019,3501004,116
2019,3501103,39
2019,3501152,108
2019,3501202,30
2019,3501301,183
2019,3501400,31
2019,3501509,15
2019,3501608,1489
2019,3501707,182
2019,3501806,65
2019,3501905,553
2019,3502002,27
2019,3502101,530
2019,3502200,155
2019,3502309,49
2019,3502408,28
2019,3502507,320
2019,3502606,61
2019,3502705,190
2019,3502754,103
2019,3502804,1631
2019,3502903,260
2019,3503000,50
2019,3503109,53
2019,3503158,20
2019,3503208,1750
2019,3503307,946
2019,3503356,14
2019,3503406,84
2019,3503505,35
2019,3503604,82
2019,3503703,75
2019,3503802,315
2019,3503901,512
2019,3503950,15
2019,3504008,807
2019,3504107,1135
2019,3504206,118
2019,3504305,48
2019,3504404,86
2019,3504503,709
2019,3504602,118
2019,3504701,21
2019,3504800,86
2019,3504909,59
2019,3505005,28
2019,3505104,56
2019,3505203,285
2019,3505302,287
2019,3505351,32
2019,3505401,54
2019,3505500,1034
2019,3505609,180
2019,3505708,2002
2019,3505807,160
2019,3505906,456
2019,3506003,2838
2019,3506102,601
2019,3506201,19
2019,3506300,90
2019,3506359,330
2019,3506409,65
2019,3506508,867
2019,3506607,189
2019,3506706,120
2019,3506805,93
2019,3506904,65
2019,3507001,347
2019,3507100,141
2019,3507159,24
2019,3507209,11
2019,3507308,32
2019,3507407,146
2019,3507456,13
2019,3507506,1087
2019,3507605,1250
2019,3507704,36
2019,3507753,24
2019,3507803,184
2019,3507902,164
2019,3508009,134
2019,3508108,156
2019,3508207,27
2019,3508306,26
2019,3508405,274
2019,3508504,649
2019,3508603,252
2019,3508702,143
2019,3508801,158
2019,3508900,32
2019,3509007,518
2019,3509106,38
2019,3509205,414
2019,3509254,194
2019,3509304,78
2019,3509403,185
2019,3509452,44
2019,3509502,7479
2019,3509601,490
2019,3509700,378
2019,3509809,39
2019,3509908,107
2019,3509957,31
2019,3510005,246
2019,3510104,29
2019,3510153,29
2019,3510203,382
2019,3510302,132
2019,3510401,323
2019,3510500,943
2019,3510609,2019
2019,3510708,133
2019,3510807,275
2019,3510906,25
2019,3511003,142
2019,3511102,1048
2019,3511201,49
2019,3511300,83
2019,3511409,173
2019,3511508,285
2019,3511607,138
2019,3511706,126
2019,3511904,60
2019,3512001,161
2019,3512100,55
2019,3512209,207
2019,3512308,126
2019,3512407,132
2019,3512506,55
2019,3512605,29
2019,3512704,39
2019,3512803,343
2019,3512902,80
2019,3513009,1469
2019,3513108,228
2019,3513207,47
2019,3513306,14
2019,3513405,696
2019,3513504,771
2019,3513603,180
2019,3513702,259
2019,3513801,2200
2019,3513850,15
2019,3513900,103
2019,3514007,46
2019,3514106,221
2019,3514205,23
2019,3514304,87
2019,3514403,426
2019,3514502,136
2019,3514601,59
2019,3514700,68
2019,3514809,107
2019,3514908,95
2019,3514924,28
2019,3514957,27
2019,3515004,1410
2019,3515103,497
2019,3515129,22
2019,3515152,80
2019,3515186,353
2019,3515194,34
2019,3515202,77
2019,3515301,15
2019,3515350,62
2019,3515400,131
2019,3515509,632
2019,3515608,65
2019,3515657,11
2019,3515707,1013
2019,3515806,20
2019,3515905,22
2019,3516002,78
2019,3516101,20
2019,3516200,2464
2019,3516309,910
2019,3516408,895
2019,3516507,26
2019,3516606,61
2019,3516705,395
2019,3516804,28
2019,3516853,36
2019,3516903,83
2019,3517000,77
2019,3517109,43
2019,3517208,96
2019,3517307,34
2019,3517406,324
2019,3517505,150
2019,3517604,146
2019,3517703,140
2019,3517802,78
2019,3517901,69
2019,3518008,22
2019,3518107,38
2019,3518206,275
2019,3518305,206
2019,3518404,985
2019,3518503,105
2019,3518602,246
2019,3518701,2052
2019,3518800,8090
2019,3518859,58
2019,3518909,35
2019,3519006,63
2019,3519055,71
2019,3519071,1176
2019,3519105,88
2019,3519204,56
2019,3519253,48
2019,3519303,217
2019,3519402,87
2019,3519501,62
2019,3519600,472
2019,3519709,552
2019,3519808,57
2019,3519907,75
2019,3520004,175
2019,3520103,225
2019,3520202,84
2019,3520301,245
2019,3520400,182
2019,3520426,121
2019,3520442,210
2019,3520509,1332
2019,3520608,39
2019,3520707,32
2019,3520806,26
2019,3520905,126
2019,3521002,188
2019,3521101,48
2019,3521150,39
2019,3521200,28
2019,3521309,110
2019,3521408,163
2019,3521507,60
2019,3521606,76
2019,3521705,127
2019,3521804,189
2019,3521903,138
2019,3522000,33
2019,3522109,947
2019,3522158,29
2019,3522208,1034
2019,3522307,1061
2019,3522406,687
2019,3522505,1194
2019,3522604,629
2019,3522653,33
2019,3522703,402
2019,3522802,122
2019,3522901,109
2019,3523008,42
2019,3523107,1875
2019,3523206,384
2019,3523305,96
2019,3523404,726
2019,3523503,124
2019,3523602,127
2019,3523701,39
2019,3523800,59
2019,3523909,1126
2019,3524006,278
2019,3524105,341
2019,3524204,59
2019,3524303,650
2019,3524402,1535
2019,3524501,54
2019,3524600,104
2019,3524709,285
2019,3524808,424
2019,3524907,40
2019,3525003,462
2019,3525102,284
2019,3525201,238
2019,3525300,1064
2019,3525409,23
2019,3525508,110
2019,3525607,24
2019,3525706,292
2019,3525805,49
2019,3525854,17
2019,3525904,2996
2019,3526001,158
2019,3526100,170
2019,3526209,246
2019,3526308,47
2019,3526407,222
2019,3526506,52
2019,3526605,43
2019,3526704,708
2019,3526803,484
2019,3526902,2173
2019,3527009,54
2019,3527108,657
2019,3527207,677
2019,3527256,26
2019,3527306,206
2019,3527405,170
2019,3527504,11
2019,3527603,69
2019,3527702,47
2019,3527801,40
2019,3527900,24
2019,3528007,119
2019,3528106,72
2019,3528205,37
2019,3528304,37
2019,3528403,289
2019,3528502,551
2019,3528601,86
2019,3528700,28
2019,3528809,116
2019,3528858,23
2019,3528908,37
2019,3529005,1712
2019,3529104,29
2019,3529203,185
2019,3529302,619
2019,3529401,2304
2019,3529500,51
2019,3529609,41
2019,3529658,22
2019,3529708,172
2019,3529807,104
2019,3529906,130
2019,3530003,25
2019,3530102,263
2019,3530201,135
2019,3530300,449
2019,3530409,29
2019,3530508,552
2019,3530607,2841
2019,3530706,1150
2019,3530805,774
2019,3530904,19
2019,3531001,24
2019,3531100,523
2019,3531209,62
2019,3531308,409
2019,3531407,186
2019,3531506,164
2019,3531605,43
2019,3531704,22
2019,3531803,384
2019,3531902,182
2019,3532009,83
2019,3532058,19
2019,3532108,40
2019,3532157,23
2019,3532207,34
2019,3532306,45
2019,3532405,137
2019,3532504,90
2019,3532603,93
2019,3532702,27
2019,3532801,53
2019,3532827,54
2019,3532843,23
2019,3532868,10
2019,3532900,66
2019,3533007,166
2019,3533106,26
2019,3533205,30
2019,3533254,21
2019,3533304,20
2019,3533403,360
2019,3533502,327
2019,3533601,57
2019,3533700,36
2019,3533809,24
2019,3533908,434
2019,3534005,22
2019,3534104,60
2019,3534203,32
2019,3534302,285
2019,3534401,4598
2019,3534500,21
2019,3534609,300
2019,3534708,867
2019,3534757,88
2019,3534807,88
2019,3534906,109
2019,3535002,93
2019,3535101,59
2019,3535200,86
2019,3535309,205
2019,3535408,120
2019,3535507,315
2019,3535606,127
2019,3535705,45
2019,3535804,121
2019,3535903,26
2019,3536000,92
2019,3536109,57
2019,3536208,159
2019,3536257,23
2019,3536307,102
2019,3536406,51
2019,3536505,507
2019,3536570,13
2019,3536604,72
2019,3536703,324
2019,3536802,49
2019,3536901,27
2019,3537008,107
2019,3537107,289
2019,3537156,14
2019,3537206,69
2019,3537305,495
2019,3537404,210
2019,3537503,62
2019,3537602,633
2019,3537701,56
2019,3537800,472
2019,3537909,200
2019,3538006,1086
2019,3538105,150
2019,3538204,112
2019,3538303,28
2019,3538501,125
2019,3538600,209
2019,3538709,2922
2019,3538808,259
2019,3538907,264
2019,3539004,96
2019,3539103,93
2019,3539202,182
2019,3539301,575
2019,3539400,110
2019,3539509,240
2019,3539608,30
2019,3539707,29
2019,3539806,753
2019,3539905,63
2019,3540002,163
2019,3540101,44
2019,3540200,197
2019,3540259,27
2019,3540309,22
2019,3540408,42
2019,3540507,77
2019,3540606,358
2019,3540705,400
2019,3540754,117
2019,3540804,154
2019,3540853,26
2019,3540903,122
2019,3541000,2565
2019,3541059,31
2019,3541109,22
2019,3541208,121
2019,3541307,358
2019,3541406,1723
2019,3541505,348
2019,3541604,280
2019,3541653,28
2019,3541703,105
2019,3541802,22
2019,3541901,80
2019,3542008,56
2019,3542107,71
2019,3542206,248
2019,3542305,35
2019,3542404,153
2019,3542503,48
2019,3542602,401
2019,3542701,43
2019,3542800,28
2019,3542909,89
2019,3543006,123
2019,3543105,23
2019,3543204,49
2019,3543238,24
2019,3543253,52
2019,3543303,750
2019,3543402,4569
2019,3543501,52
2019,3543600,35
2019,3543709,84
2019,3543808,102
2019,3543907,1535
2019,3544004,174
2019,3544103,232
2019,3544202,64
2019,3544251,165
2019,3544301,74
2019,3544400,22
2019,3544509,37
2019,3544608,53
2019,3544707,24
2019,3544806,66
2019,3544905,86
2019,3545001,135
2019,3545100,51
2019,3545159,49
2019,3545209,792
2019,3545308,272
2019,3545407,88
2019,3545506,20
2019,3545605,141
2019,3545704,59
2019,3545803,1239
2019,3546009,104
2019,3546108,18
2019,3546207,30
2019,3546256,19
2019,3546306,251
2019,3546405,379
2019,3546504,41
2019,3546603,344
2019,3546702,137
2019,3546801,400
2019,3546900,55
2019,3547007,36
2019,3547106,26
2019,3547205,15
2019,3547304,631
2019,3547403,27
2019,3547502,280
2019,3547601,171
2019,3547650,15
2019,3547700,195
2019,3547809,5628
2019,3547908,56
2019,3548005,157
2019,3548054,51
2019,3548104,49
2019,3548203,68
2019,3548302,29
2019,3548401,30
2019,3548500,4230
2019,3548609,78
2019,3548708,4740
2019,3548807,1505
2019,3548906,1717
2019,3549003,30
2019,3549102,805
2019,3549201,24
2019,3549250,12
2019,3549300,24
2019,3549409,371
2019,3549508,64
2019,3549607,27
2019,3549706,466
2019,3549805,3429
2019,3549904,4210
2019,3549953,113
2019,3550001,95
2019,3550100,311
2019,3550209,223
2019,3550308,78581
2019,3550407,287
2019,3550506,52
2019,3550605,617
2019,3550704,442
2019,3550803,92
2019,3550902,105
2019,3551009,2602
2019,3551108,71
2019,3551207,40
2019,3551306,27
2019,3551405,83
2019,3551504,244
2019,3551603,269
2019,3551702,827
2019,3551801,95
2019,3551900,130
2019,3552007,53
2019,3552106,341
2019,3552205,4481
2019,3552304,53
2019,3552403,1392
2019,3552502,1791
2019,3552551,28
2019,3552601,98
2019,3552700,117
2019,3552809,1575
2019,3552908,52
2019,3553005,83
2019,3553104,48
2019,3553203,46
2019,3553302,180
2019,3553401,222
2019,3553500,70
2019,3553609,102
2019,3553658,24
2019,3553708,523
2019,3553807,180
2019,3553856,38
2019,3553906,57
2019,3553955,81
2019,3554003,857
2019,3554102,2077
2019,3554201,39
2019,3554300,166
2019,3554409,74
2019,3554508,291
2019,3554607,23
2019,3554656,9
2019,3554706,75
2019,3554755,13
2019,3554805,258
2019,3554904,57
2019,3554953,57
2019,3555000,615
2019,3555109,153
2019,3555208,19
2019,3555307,16
2019,3555356,41
2019,3555406,567
2019,3555505,47
2019,3555604,77
2019,3555703,16
2019,3555802,87
2019,3555901,24
2019,3556008,130
2019,3556107,97
2019,3556206,822
2019,3556305,147
2019,3556354,68
2019,3556404,311
2019,3556453,280
2019,3556503,594
2019,3556602,80
2019,3556701,466
2019,3556800,151
2019,3556909,39
2019,3556958,8
2019,3557006,747
2019,3557105,698
2019,3557154,25
2019,3557204,113
2019,3557303,86
2019,3300100,1153
2019,3300159,64
2019,3300209,1135
2019,3300225,106
2019,3300233,265
2019,3300258,243
2019,3300308,808
2019,3300407,1538
2019,3300456,3748
2019,3300506,207
2019,3300605,397
2019,3300704,1515
2019,3300803,463
2019,3300902,140
2019,3300936,89
2019,3300951,76
2019,3301009,4299
2019,3301108,193
2019,3301157,108
2019,3301207,162
2019,3301306,246
2019,3301405,160
2019,3301504,156
2019,3301603,69
2019,3301702,7205
2019,3301801,129
2019,3301850,427
2019,3301876,277
2019,3301900,1953
2019,3302007,1018
2019,3302056,134
2019,3302106,220
2019,3302205,914
2019,3302254,213
2019,3302270,713
2019,3302304,86
2019,3302403,1391
2019,3302452,64
2019,3302502,2142
2019,3302601,363
2019,3302700,1347
2019,3302809,192
2019,3302858,1428
2019,3302908,270
2019,3303005,259
2019,3303104,161
2019,3303203,1520
2019,3303302,4780
2019,3303401,1620
2019,3303500,6770
2019,3303609,386
2019,3303708,397
2019,3303807,266
2019,3303856,219
2019,3303906,2900
2019,3303955,171
2019,3304003,234
2019,3304102,147
2019,3304110,141
2019,3304128,91
2019,3304144,1289
2019,3304151,167
2019,3304201,946
2019,3304300,468
2019,3304409,142
2019,3304508,69
2019,3304524,877
2019,3304557,59706
2019,3304607,76
2019,3304706,393
2019,3304755,379
2019,3304805,324
2019,3304904,7795
2019,3305000,337
2019,3305109,3926
2019,3305133,64
2019,3305158,156
2019,3305208,775
2019,3305307,87
2019,3305406,145
2019,3305505,727
2019,3305554,583
2019,3305604,160
2019,3305703,98
2019,3305752,275
2019,3305802,1449
2019,3305901,77
2019,3306008,783
2019,3306107,705
2019,3306156,63
2019,3306206,343
2019,3306305,2369
2019,5300108,12804
