ano,id_municipio,quantidade_escolas
2019,1100015,34
2019,1100023,50
2019,1100049,61
2019,1100064,15
2019,1100072,9
2019,1100098,25
2019,1100106,61
2019,1100122,91
2019,1100148,11
2019,1100189,30
2019,1100205,289
2019,1100254,19
2019,1100262,3
2019,1100288,28
2019,1100304,58
2019,1100320,17
2019,1100338,67
2019,1100346,15
2019,1100379,12
2019,1100403,12
2019,1100452,21
2019,1100601,5
2019,1100908,3
2019,1100940,8
2019,1101203,7
2019,1101401,9
2019,1101435,5
2019,1101492,13
2019,1101609,8
2019,1101708,9
2019,1101757,6
2019,1200104,40
2019,1200138,36
2019,1200179,15
2019,1200203,181
2019,1200302,149
2019,1200336,43
2019,1200351,60
2019,1200385,25
2019,1200401,277
2019,1200427,65
2019,1200450,33
2019,1200500,151
2019,1200609,90
2019,1200708,59
2019,1200807,32
2019,1300029,62
2019,1300060,27
2019,1300086,30
2019,1300102,20
2019,1300144,15
2019,1300201,71
2019,1300300,53
2019,1300508,105
2019,1300607,66
2019,1300631,64
2019,1300680,50
2019,1300805,167
2019,1300839,48
2019,1301100,50
2019,1301159,54
2019,1301209,138
2019,1301308,66
2019,1301407,50
2019,1301506,44
2019,1301605,60
2019,1301704,98
2019,1301852,70
2019,1301902,145
2019,1302009,25
2019,1302207,36
2019,1302306,94
2019,1302504,156
2019,1302603,978
2019,1302702,160
2019,1302801,101
2019,1302900,189
2019,1303007,63
2019,1303106,69
2019,1303205,26
2019,1303304,52
2019,1303403,176
2019,1303502,77
2019,1303536,34
2019,1303569,27
2019,1303601,50
2019,1303809,241
2019,1303908,82
2019,1304005,13
2019,1304062,58
2019,1304104,83
2019,1304203,109
2019,1304260,45
2019,1304401,32
2019,1400027,51
2019,1400050,44
2019,1400100,239
2019,1400159,34
2019,1400175,51
2019,1400456,56
2019,1400506,12
2019,1400605,10
2019,1400704,106
2019,1500206,158
2019,1500305,96
2019,1500404,121
2019,1500503,78
2019,1500602,149
2019,1500701,104
2019,1500800,284
2019,1500859,63
2019,1500909,82
2019,1500958,76
2019,1501006,55
2019,1501105,60
2019,1501204,75
2019,1501253,8
2019,1501303,128
2019,1501402,700
2019,1501451,50
2019,1501501,57
2019,1501576,24
2019,1501709,174
2019,1501725,37
2019,1501758,15
2019,1501782,35
2019,1501808,270
2019,1501907,69
2019,1501956,49
2019,1502004,43
2019,1502103,224
2019,1502152,34
2019,1502202,65
2019,1502301,118
2019,1502400,138
2019,1502509,97
2019,1502707,32
2019,1502764,18
2019,1502772,23
2019,1502806,46
2019,1502905,64
2019,1502954,47
2019,1503044,24
2019,1503077,60
2019,1503093,49
2019,1503101,92
2019,1503200,69
2019,1503309,119
2019,1503408,29
2019,1503457,71
2019,1503507,111
2019,1503606,135
2019,1503705,92
2019,1503754,63
2019,1503804,49
2019,1503903,124
2019,1504000,52
2019,1504059,51
2019,1504208,267
2019,1504307,87
2019,1504406,60
2019,1504422,81
2019,1504455,39
2019,1504505,54
2019,1504604,61
2019,1504703,174
2019,1504752,58
2019,1504802,143
2019,1504901,45
2019,1504950,47
2019,1504976,21
2019,1505031,32
2019,1505064,121
2019,1505106,96
2019,1505205,48
2019,1505304,99
2019,1505437,35
2019,1505486,128
2019,1505502,98
2019,1505536,126
2019,1505551,11
2019,1505601,17
2019,1505650,61
2019,1505700,56
2019,1505809,166
2019,1505908,97
2019,1506005,110
2019,1506138,60
2019,1506161,16
2019,1506187,34
2019,1506195,65
2019,1506302,49
2019,1506401,20
2019,1506500,64
2019,1506559,31
2019,1506583,24
2019,1506708,33
2019,1506807,495
2019,1506906,17
2019,1507003,61
2019,1507102,35
2019,1507151,35
2019,1507201,89
2019,1507300,117
2019,1507458,42
2019,1507474,34
2019,1507607,90
2019,1507706,41
2019,1507755,8
2019,1507805,34
2019,1507904,25
2019,1507953,76
2019,1508001,101
2019,1508035,63
2019,1508084,24
2019,1508100,69
2019,1508126,35
2019,1508159,85
2019,1508209,91
2019,1508308,131
2019,1508357,26
2019,1508407,41
2019,1600105,22
2019,1600154,28
2019,1600238,14
2019,1600253,28
2019,1600279,71
2019,1600303,308
2019,1600402,74
2019,1600501,50
2019,1600535,31
2019,1600600,83
2019,1600709,45
2019,1700251,5
2019,1700301,4
2019,1702109,143
2019,1702901,26
2019,1703008,9
2019,1703206,6
2019,1703701,6
2019,1703842,11
2019,1703883,4
2019,1704600,2
2019,1705508,29
2019,1706001,8
2019,1707405,15
2019,1708205,22
2019,1709500,62
2019,1710706,12
2019,1711506,7
2019,1711902,18
2019,1712009,4
2019,1712504,6
2019,1713205,22
2019,1713700,5
2019,1714203,11
2019,1714880,13
2019,1716109,34
2019,1716208,23
2019,1716604,11
2019,1716653,6
2019,1717503,7
2019,1717800,8
2019,1718204,56
2019,1718303,15
2019,1718550,3
2019,1718758,9
2019,1718865,15
2019,1718899,5
2019,1719004,3
2019,1720200,16
2019,1720499,6
2019,1720903,12
2019,1720978,6
2019,1721000,154
2019,1721208,35
2019,2100055,105
2019,2100105,24
2019,2100204,51
2019,2100303,52
2019,2100436,35
2019,2100477,64
2019,2100550,17
2019,2100600,117
2019,2100709,42
2019,2100808,33
2019,2100873,24
2019,2100907,80
2019,2100956,115
2019,2101004,66
2019,2101103,21
2019,2101202,133
2019,2101251,26
2019,2101301,33
2019,2101350,18
2019,2101400,92
2019,2101509,34
2019,2101608,186
2019,2101707,151
2019,2101772,21
2019,2101905,38
2019,2102002,107
2019,2102036,57
2019,2102077,28
2019,2102101,75
2019,2102150,32
2019,2102200,74
2019,2102309,51
2019,2102325,90
2019,2102358,30
2019,2102374,27
2019,2102408,32
2019,2102507,58
2019,2102556,17
2019,2102804,53
2019,2102903,40
2019,2103000,261
2019,2103109,19
2019,2103125,23
2019,2103158,32
2019,2103174,53
2019,2103208,148
2019,2103257,24
2019,2103307,191
2019,2103406,49
2019,2103505,64
2019,2103554,38
2019,2103604,88
2019,2103703,58
2019,2103752,18
2019,2103901,32
2019,2104008,37
2019,2104057,39
2019,2104073,11
2019,2104081,36
2019,2104099,29
2019,2104107,20
2019,2104206,29
2019,2104404,49
2019,2104503,26
2019,2104602,45
2019,2104628,14
2019,2104651,38
2019,2104677,36
2019,2104701,13
2019,2104800,216
2019,2104909,23
2019,2105005,81
2019,2105153,40
2019,2105203,23
2019,2105302,226
2019,2105351,38
2019,2105427,45
2019,2105450,18
2019,2105476,91
2019,2105500,58
2019,2105609,20
2019,2105658,11
2019,2105708,68
2019,2105807,39
2019,2105906,38
2019,2105922,15
2019,2105963,32
2019,2105989,17
2019,2106003,32
2019,2106102,22
2019,2106201,11
2019,2106300,35
2019,2106326,28
2019,2106359,39
2019,2106375,29
2019,2106409,29
2019,2106508,55
2019,2106607,61
2019,2106631,54
2019,2106706,41
2019,2106755,29
2019,2106805,29
2019,2106904,106
2019,2107100,41
2019,2107209,39
2019,2107258,8
2019,2107308,5
2019,2107357,38
2019,2107456,33
2019,2107506,119
2019,2107605,52
2019,2107704,30
2019,2107803,49
2019,2107902,35
2019,2108009,36
2019,2108058,63
2019,2108108,43
2019,2108207,50
2019,2108256,86
2019,2108306,87
2019,2108454,57
2019,2108504,68
2019,2108603,157
2019,2108702,52
2019,2108900,55
2019,2109007,40
2019,2109056,14
2019,2109106,50
2019,2109205,28
2019,2109239,20
2019,2109270,47
2019,2109304,46
2019,2109403,56
2019,2109452,28
2019,2109502,32
2019,2109601,71
2019,2109809,110
2019,2109908,87
2019,2110005,162
2019,2110104,77
2019,2110203,65
2019,2110237,23
2019,2110278,50
2019,2110302,46
2019,2110401,50
2019,2110500,87
2019,2110609,53
2019,2110658,10
2019,2110708,57
2019,2110906,31
2019,2111003,66
2019,2111029,37
2019,2111052,26
2019,2111078,66
2019,2111102,34
2019,2111201,200
2019,2111250,14
2019,2111300,719
2019,2111409,77
2019,2111508,59
2019,2111532,13
2019,2111607,28
2019,2111631,17
2019,2111672,15
2019,2111706,48
2019,2111748,25
2019,2111763,31
2019,2111789,34
2019,2111805,30
2019,2111904,22
2019,2111953,10
2019,2112001,12
2019,2112100,57
2019,2112209,193
2019,2112233,25
2019,2112308,69
2019,2112407,110
2019,2112456,63
2019,2112506,89
2019,2112605,71
2019,2112803,105
2019,2112852,13
2019,2112902,65
2019,2113009,58
2019,2114007,92
2019,2200053,10
2019,2200202,19
2019,2200277,10
2019,2200301,29
2019,2200459,8
2019,2200509,26
2019,2200905,16
2019,2201051,17
2019,2201101,10
2019,2201200,56
2019,2201309,13
2019,2201408,8
2019,2201507,54
2019,2201572,10
2019,2201606,25
2019,2201705,12
2019,2201739,7
2019,2201770,21
2019,2201804,12
2019,2201903,28
2019,2202000,30
2019,2202091,9
2019,2202109,16
2019,2202174,19
2019,2202208,42
2019,2202307,26
2019,2202455,10
2019,2202539,15
2019,2202554,13
2019,2202604,31
2019,2202653,15
2019,2202703,50
2019,2202737,6
2019,2202752,11
2019,2202778,10
2019,2202901,38
2019,2203107,14
2019,2203206,27
2019,2203305,15
2019,2203354,9
2019,2203404,12
2019,2203420,9
2019,2203503,21
2019,2203701,58
2019,2203750,9
2019,2203800,8
2019,2203909,82
2019,2204105,4
2019,2204303,14
2019,2204402,31
2019,2204501,12
2019,2204550,14
2019,2204600,6
2019,2204709,15
2019,2204808,11
2019,2205003,20
2019,2205102,32
2019,2205151,15
2019,2205201,24
2019,2205250,10
2019,2205276,17
2019,2205300,13
2019,2205409,22
2019,2205508,40
2019,2205516,12
2019,2205557,12
2019,2205573,12
2019,2205599,12
2019,2205805,47
2019,2205904,9
2019,2206050,12
2019,2206100,25
2019,2206209,54
2019,2206605,17
2019,2206654,9
2019,2206670,15
2019,2206720,13
2019,2206951,5
2019,2207009,45
2019,2207108,8
2019,2207553,13
2019,2207603,18
2019,2207702,142
2019,2207793,6
2019,2207801,27
2019,2207850,9
2019,2208007,93
2019,2208106,23
2019,2208304,28
2019,2208403,72
2019,2208502,25
2019,2208650,6
2019,2208700,13
2019,2208809,21
2019,2208874,12
2019,2208908,10
2019,2209203,16
2019,2209559,10
2019,2209609,8
2019,2209658,9
2019,2209708,15
2019,2209856,11
2019,2209955,8
2019,2209971,18
2019,2210052,8
2019,2210201,13
2019,2210300,10
2019,2210375,8
2019,2210383,5
2019,2210409,34
2019,2210508,12
2019,2210607,36
2019,2210623,11
2019,2210631,12
2019,2210706,18
2019,2210805,17
2019,2210904,9
2019,2211001,646
2019,2211100,71
2019,2211209,32
2019,2211308,25
2019,2211605,5
2019,2300101,18
2019,2300150,11
2019,2300200,58
2019,2300309,47
2019,2300408,20
2019,2300507,17
2019,2300606,7
2019,2300705,13
2019,2300754,72
2019,2300804,8
2019,2300903,22
2019,2301109,62
2019,2301208,24
2019,2301257,12
2019,2301406,13
2019,2301505,9
2019,2301604,19
2019,2301703,25
2019,2301851,19
2019,2301901,63
2019,2301950,17
2019,2302008,26
2019,2302206,47
2019,2302404,76
2019,2302503,50
2019,2302602,59
2019,2302701,28
2019,2302800,99
2019,2302909,19
2019,2303006,27
2019,2303105,23
2019,2303204,24
2019,2303303,11
2019,2303501,67
2019,2303600,18
2019,2303709,216
2019,2303808,29
2019,2303931,18
2019,2304004,20
2019,2304103,76
2019,2304202,110
2019,2304236,33
2019,2304251,30
2019,2304269,8
2019,2304285,54
2019,2304301,24
2019,2304350,18
2019,2304400,1248
2019,2304459,13
2019,2304608,10
2019,2304657,18
2019,2304707,64
2019,2304806,11
2019,2304905,11
2019,2305001,40
2019,2305100,11
2019,2305209,19
2019,2305233,57
2019,2305266,18
2019,2305308,25
2019,2305332,14
2019,2305407,80
2019,2305506,76
2019,2305605,35
2019,2305654,9
2019,2305704,13
2019,2305803,42
2019,2305902,54
2019,2306108,30
2019,2306256,35
2019,2306306,45
2019,2306405,121
2019,2306504,16
2019,2306553,72
2019,2306603,37
2019,2306702,17
2019,2307007,28
2019,2307106,28
2019,2307205,8
2019,2307304,199
2019,2307403,21
2019,2307502,30
2019,2307601,35
2019,2307635,23
2019,2307650,176
2019,2307700,97
2019,2307809,30
2019,2307908,18
2019,2308104,49
2019,2308203,14
2019,2308302,25
2019,2308351,10
2019,2308377,13
2019,2308401,42
2019,2308500,47
2019,2308609,28
2019,2308708,40
2019,2308807,12
2019,2308906,22
2019,2309201,12
2019,2309300,36
2019,2309409,28
2019,2309458,23
2019,2309607,56
2019,2309706,48
2019,2310001,10
2019,2310100,12
2019,2310209,36
2019,2310258,37
2019,2310308,64
2019,2310407,21
2019,2310506,47
2019,2310704,36
2019,2310803,21
2019,2310951,17
2019,2311009,11
2019,2311108,20
2019,2311207,11
2019,2311231,9
2019,2311264,33
2019,2311306,83
2019,2311355,22
2019,2311405,103
2019,2311504,22
2019,2311603,35
2019,2311702,27
2019,2311801,43
2019,2311900,15
2019,2311959,27
2019,2312007,28
2019,2312106,19
2019,2312205,44
2019,2312304,43
2019,2312403,60
2019,2312601,14
2019,2312700,24
2019,2312908,110
2019,2313005,12
2019,2313104,25
2019,2313203,38
2019,2313302,53
2019,2313351,45
2019,2313401,72
2019,2313500,52
2019,2313559,22
2019,2313609,41
2019,2313708,13
2019,2313757,20
2019,2313807,33
2019,2313955,27
2019,2314003,38
2019,2314102,77
2019,2400208,45
2019,2400307,15
2019,2400505,14
2019,2400703,15
2019,2400802,11
2019,2400901,18
2019,2401008,43
2019,2401107,31
2019,2401206,14
2019,2401305,15
2019,2401404,11
2019,2401503,8
2019,2401602,6
2019,2401651,6
2019,2401859,9
2019,2401909,5
2019,2402006,67
2019,2402105,19
2019,2402303,32
2019,2402501,12
2019,2402600,72
2019,2402709,12
2019,2402907,14
2019,2403103,49
2019,2403202,8
2019,2403251,156
2019,2403301,11
2019,2403400,7
2019,2403608,44
2019,2403806,13
2019,2403905,5
2019,2404002,9
2019,2404200,35
2019,2404309,15
2019,2404408,10
2019,2404705,18
2019,2404853,7
2019,2404903,8
2019,2405504,5
2019,2405603,22
2019,2405702,13
2019,2405801,56
2019,2406007,11
2019,2406106,29
2019,2406205,11
2019,2406304,13
2019,2406601,14
2019,2406908,7
2019,2407104,79
2019,2407203,36
2019,2407302,19
2019,2407807,28
2019,2407906,11
2019,2408003,212
2019,2408102,491
2019,2408201,40
2019,2408300,40
2019,2408409,8
2019,2408706,7
2019,2408805,8
2019,2408904,29
2019,2409100,21
2019,2409209,7
2019,2409308,15
2019,2409332,8
2019,2409407,37
2019,2409902,18
2019,2410108,20
2019,2410256,6
2019,2410405,12
2019,2410504,8
2019,2411007,5
2019,2411056,8
2019,2411106,7
2019,2411205,39
2019,2411403,20
2019,2411502,23
2019,2412005,92
2019,2412203,38
2019,2412302,19
2019,2412401,5
2019,2412559,23
2019,2412609,18
2019,2412708,11
2019,2413003,7
2019,2413102,7
2019,2413201,5
2019,2413508,9
2019,2414001,16
2019,2414100,20
2019,2414159,6
2019,2414407,44
2019,2414456,5
2019,2414704,6
2019,2414803,11
2019,2415008,6
2019,2500205,10
2019,2500304,40
2019,2500536,8
2019,2500601,28
2019,2500700,28
2019,2500809,28
2019,2501104,28
2019,2501302,43
2019,2501401,18
2019,2501500,42
2019,2501534,4
2019,2501575,19
2019,2501708,7
2019,2501807,95
2019,2501906,24
2019,2502151,13
2019,2502300,6
2019,2502409,21
2019,2502805,19
2019,2502904,11
2019,2503001,22
2019,2503209,50
2019,2503308,8
2019,2503506,30
2019,2503605,12
2019,2503704,63
2019,2503803,11
2019,2504009,368
2019,2504033,9
2019,2504074,9
2019,2504108,6
2019,2504207,6
2019,2504306,27
2019,2504355,9
2019,2504405,42
2019,2504504,6
2019,2504603,40
2019,2504702,9
2019,2504801,23
2019,2504900,24
2019,2505105,28
2019,2505238,17
2019,2505402,14
2019,2505501,7
2019,2505808,10
2019,2506103,33
2019,2506251,35
2019,2506301,69
2019,2506400,21
2019,2506806,32
2019,2506905,25
2019,2507002,27
2019,2507101,24
2019,2507200,14
2019,2507309,25
2019,2507408,15
2019,2507507,499
2019,2508000,10
2019,2508208,17
2019,2508307,39
2019,2508406,8
2019,2508554,6
2019,2508802,5
2019,2508901,48
2019,2509057,17
2019,2509156,12
2019,2509206,19
2019,2509701,28
2019,2509909,22
2019,2510808,95
2019,2510907,17
2019,2511103,7
2019,2511301,18
2019,2511905,25
2019,2512077,19
2019,2512101,44
2019,2512507,58
2019,2512705,27
2019,2512721,10
2019,2512747,9
2019,2512754,11
2019,2512762,10
2019,2512903,34
2019,2513109,20
2019,2513208,8
2019,2513307,12
2019,2513406,16
2019,2513505,14
2019,2513604,10
2019,2513703,146
2019,2513851,3
2019,2513927,5
2019,2513984,6
2019,2514404,7
2019,2514503,24
2019,2514552,6
2019,2514701,8
2019,2515104,20
2019,2515302,64
2019,2515401,17
2019,2515930,13
2019,2515971,17
2019,2516003,30
2019,2516151,6
2019,2516201,61
2019,2516300,16
2019,2516409,16
2019,2516508,19
2019,2516607,13
2019,2516904,28
2019,2517209,11
2019,2600054,73
2019,2600104,39
2019,2600203,16
2019,2600302,25
2019,2600401,41
2019,2600708,31
2019,2601003,13
2019,2601052,17
2019,2601102,97
2019,2601201,60
2019,2601409,49
2019,2601607,27
2019,2601706,84
2019,2601904,60
2019,2602001,50
2019,2602209,38
2019,2602308,41
2019,2602605,57
2019,2602704,18
2019,2602803,51
2019,2602902,164
2019,2603009,43
2019,2603108,14
2019,2603454,93
2019,2603504,16
2019,2603702,32
2019,2603926,75
2019,2604007,67
2019,2604106,252
2019,2604155,19
2019,2604205,38
2019,2604304,17
2019,2604502,33
2019,2604700,29
2019,2604809,21
2019,2604908,23
2019,2605004,33
2019,2605103,30
2019,2605202,74
2019,2605301,50
2019,2605400,16
2019,2605509,11
2019,2605707,60
2019,2605806,17
2019,2605905,27
2019,2606002,116
2019,2606101,37
2019,2606200,73
2019,2606309,8
2019,2606408,90
2019,2606804,86
2019,2606903,17
2019,2607109,10
2019,2607208,90
2019,2607307,45
2019,2607406,10
2019,2607505,36
2019,2607653,29
2019,2607703,17
2019,2607802,17
2019,2607901,388
2019,2607950,21
2019,2608008,37
2019,2608057,23
2019,2608107,29
2019,2608255,12
2019,2608305,13
2019,2608404,21
2019,2608453,17
2019,2608602,24
2019,2608701,30
2019,2608750,28
2019,2608800,45
2019,2608909,50
2019,2609006,29
2019,2609105,14
2019,2609154,34
2019,2609204,14
2019,2609303,29
2019,2609402,48
2019,2609501,27
2019,2609600,244
2019,2609709,30
2019,2609808,32
2019,2609907,68
2019,2610004,82
2019,2610202,44
2019,2610400,32
2019,2610608,48
2019,2610707,200
2019,2610905,103
2019,2611101,331
2019,2611507,23
2019,2611533,10
2019,2611606,1060
2019,2611705,29
2019,2611804,51
2019,2611903,27
2019,2612208,56
2019,2612307,27
2019,2612406,21
2019,2612505,56
2019,2612604,58
2019,2612703,25
2019,2612802,13
2019,2612901,23
2019,2613008,34
2019,2613107,46
2019,2613305,13
2019,2613404,22
2019,2613503,27
2019,2613602,28
2019,2613701,82
2019,2613800,13
2019,2613909,97
2019,2614105,38
2019,2614204,47
2019,2614303,14
2019,2614402,6
2019,2614501,55
2019,2614600,24
2019,2614808,34
2019,2614857,31
2019,2615003,16
2019,2615102,16
2019,2615300,45
2019,2615409,26
2019,2615508,14
2019,2615607,32
2019,2615904,8
2019,2616100,12
2019,2616209,16
2019,2616308,24
2019,2616407,130
2019,2616506,17
2019,2700102,11
2019,2700300,153
2019,2700409,36
2019,2700508,16
2019,2700607,12
2019,2700706,25
2019,2700904,15
2019,2701100,18
2019,2701209,13
2019,2701407,25
2019,2701605,36
2019,2701704,22
2019,2702108,19
2019,2702306,27
2019,2702355,30
2019,2702405,43
2019,2702504,30
2019,2702553,16
2019,2702603,30
2019,2702900,73
2019,2703106,23
2019,2703205,25
2019,2703759,11
2019,2703809,35
2019,2703908,10
2019,2704104,26
2019,2704203,23
2019,2704302,551
2019,2704401,20
2019,2704609,10
2019,2704708,32
2019,2704807,16
2019,2705002,46
2019,2705408,15
2019,2705507,29
2019,2705705,19
2019,2705804,8
2019,2706000,11
2019,2706307,62
2019,2706406,31
2019,2706422,22
2019,2706604,9
2019,2706703,48
2019,2706802,17
2019,2706901,31
2019,2707008,6
2019,2707107,21
2019,2707206,13
2019,2707305,18
2019,2707404,16
2019,2707503,28
2019,2707701,70
2019,2707800,7
2019,2708006,46
2019,2708204,13
2019,2708402,33
2019,2708600,32
2019,2708808,37
2019,2708956,19
2019,2709004,10
2019,2709152,45
2019,2709202,53
2019,2709301,34
2019,2709400,31
2019,2800209,34
2019,2800308,301
2019,2800407,24
2019,2800506,22
2019,2800605,23
2019,2800670,22
2019,2800704,10
2019,2801009,26
2019,2801108,11
2019,2801207,27
2019,2801306,35
2019,2801405,28
2019,2801504,17
2019,2801702,29
2019,2801900,6
2019,2802007,8
2019,2802106,59
2019,2802205,9
2019,2802304,15
2019,2802403,23
2019,2802601,14
2019,2802700,11
2019,2802809,21
2019,2802908,86
2019,2803005,33
2019,2803203,45
2019,2803302,34
2019,2803401,21
2019,2803500,101
2019,2803609,30
2019,2803708,13
2019,2803807,7
2019,2803906,16
2019,2804003,16
2019,2804300,15
2019,2804409,28
2019,2804508,26
2019,2804607,28
2019,2804706,14
2019,2804805,121
2019,2804904,23
2019,2805109,9
2019,2805406,38
2019,2805505,22
2019,2805604,35
2019,2805703,29
2019,2806008,16
2019,2806206,34
2019,2806305,22
2019,2806404,8
2019,2806602,13
2019,2806701,65
2019,2806800,17
2019,2807105,54
2019,2807204,13
2019,2807303,5
2019,2807402,46
2019,2807501,27
2019,2900108,7
2019,2900207,28
2019,2900355,10
2019,2900504,36
2019,2900702,149
2019,2900801,41
2019,2901007,43
2019,2901205,45
2019,2901304,19
2019,2901353,29
2019,2901700,24
2019,2901908,24
2019,2901957,13
2019,2902005,19
2019,2902054,20
2019,2902104,81
2019,2902500,23
2019,2902658,22
2019,2902708,75
2019,2902807,32
2019,2902906,51
2019,2903201,121
2019,2903235,20
2019,2903276,31
2019,2903300,10
2019,2903409,39
2019,2903607,39
2019,2903805,42
2019,2903904,74
2019,2903953,12
2019,2904100,31
2019,2904407,15
2019,2904506,33
2019,2904605,45
2019,2904704,27
2019,2904753,28
2019,2904902,45
2019,2905008,20
2019,2905107,18
2019,2905305,21
2019,2905701,232
2019,2905909,131
2019,2906006,128
2019,2906105,21
2019,2906204,23
2019,2906501,79
2019,2906709,51
2019,2906808,42
2019,2906824,12
2019,2906873,42
2019,2907103,36
2019,2907202,135
2019,2907301,29
2019,2907509,67
2019,2907608,17
2019,2908101,37
2019,2908309,23
2019,2908408,95
2019,2908606,42
2019,2908705,36
2019,2909000,11
2019,2909109,21
2019,2909208,67
2019,2909307,37
2019,2909604,28
2019,2909802,68
2019,2909901,58
2019,2910008,24
2019,2910057,65
2019,2910107,9
2019,2910404,39
2019,2910503,40
2019,2910602,49
2019,2910727,66
2019,2910750,14
2019,2910800,397
2019,2910859,24
2019,2911105,49
2019,2911204,40
2019,2911303,46
2019,2911709,49
2019,2911808,28
2019,2911857,21
2019,2911907,50
2019,2912202,16
2019,2912400,23
2019,2912509,17
2019,2913101,28
2019,2913200,30
2019,2913408,16
2019,2913507,38
2019,2913606,103
2019,2913705,49
2019,2913903,38
2019,2914000,69
2019,2914109,28
2019,2914307,14
2019,2914406,25
2019,2914505,35
2019,2914604,63
2019,2914653,28
2019,2914703,74
2019,2914802,148
2019,2914901,46
2019,2915353,54
2019,2915502,38
2019,2915601,68
2019,2915809,39
2019,2916401,63
2019,2916500,30
2019,2916708,14
2019,2916807,19
2019,2916856,29
2019,2916906,14
2019,2917003,65
2019,2917102,31
2019,2917201,19
2019,2917300,41
2019,2917409,13
2019,2917508,86
2019,2917607,62
2019,2917706,45
2019,2917904,18
2019,2918001,153
2019,2918100,66
2019,2918357,23
2019,2918407,196
2019,2918803,35
2019,2919058,17
2019,2919157,31
2019,2919207,128
2019,2919306,16
2019,2919504,37
2019,2919553,60
2019,2919801,96
2019,2919900,16
2019,2920106,21
2019,2920205,26
2019,2920403,24
2019,2920452,28
2019,2920502,44
2019,2920601,65
2019,2920700,59
2019,2920809,19
2019,2920908,21
2019,2921005,45
2019,2921054,11
2019,2921203,50
2019,2921302,13
2019,2921450,16
2019,2921500,76
2019,2921708,50
2019,2921807,17
2019,2921906,23
2019,2922003,36
2019,2922201,22
2019,2922250,24
2019,2922300,29
2019,2922508,42
2019,2923001,41
2019,2923035,30
2019,2923100,28
2019,2923209,17
2019,2923357,19
2019,2923704,60
2019,2923803,19
2019,2924009,95
2019,2924058,23
2019,2924306,21
2019,2924405,114
2019,2924504,22
2019,2924603,36
2019,2924652,13
2019,2924801,29
2019,2925006,28
2019,2925105,42
2019,2925253,30
2019,2925303,137
2019,2925600,26
2019,2925709,21
2019,2925758,49
2019,2925808,28
2019,2925907,52
2019,2925956,29
2019,2926004,101
2019,2926103,15
2019,2926202,48
2019,2926301,47
2019,2926400,30
2019,2926608,52
2019,2926657,22
2019,2927101,16
2019,2927200,49
2019,2927408,1514
2019,2927507,28
2019,2927705,34
2019,2927903,16
2019,2928000,47
2019,2928109,41
2019,2928406,49
2019,2928604,78
2019,2928703,92
2019,2928802,50
2019,2928901,44
2019,2928950,13
2019,2929008,18
2019,2929057,14
2019,2929107,23
2019,2929206,57
2019,2929255,29
2019,2929305,32
2019,2929404,19
2019,2929602,31
2019,2929701,41
2019,2929800,15
2019,2929909,56
2019,2930105,87
2019,2930154,41
2019,2930303,26
2019,2930402,23
2019,2930501,98
2019,2930600,12
2019,2930709,115
2019,2930774,24
2019,2930808,19
2019,2931004,29
2019,2931053,23
2019,2931301,23
2019,2931350,107
2019,2931806,32
2019,2931905,67
2019,2932002,36
2019,2932408,20
2019,2932457,13
2019,2932705,43
2019,2932804,26
2019,2932903,158
2019,2933059,18
2019,2933208,54
2019,2933257,15
2019,2933307,262
2019,2933406,11
2019,2933455,28
2019,2933505,56
2019,2933604,129
2019,3100203,23
2019,3100302,17
2019,3100500,16
2019,3100609,20
2019,3100906,23
2019,3101003,17
2019,3101102,28
2019,3101508,32
2019,3101607,57
2019,3101706,44
2019,3101805,10
2019,3101904,14
2019,3102050,4
2019,3102100,11
2019,3102209,11
2019,3102308,11
2019,3102407,7
2019,3102803,8
2019,3102852,4
2019,3102902,15
2019,3103207,4
2019,3103405,44
2019,3103504,72
2019,3103702,10
2019,3103751,7
2019,3104007,76
2019,3104106,5
2019,3104205,28
2019,3104502,26
2019,3104700,21
2019,3104809,3
2019,3104908,18
2019,3105103,21
2019,3105400,25
2019,3105608,83
2019,3106200,1461
2019,3106507,27
2019,3106705,238
2019,3106804,8
2019,3106903,14
2019,3107109,25
2019,3107307,47
2019,3107406,36
2019,3107802,10
2019,3108008,14
2019,3108255,18
2019,3108404,14
2019,3108503,12
2019,3108602,32
2019,3108800,5
2019,3109006,28
2019,3109204,9
2019,3109303,27
2019,3109402,28
2019,3109451,7
2019,3110004,31
2019,3110509,21
2019,3110608,24
2019,3110707,10
2019,3111002,17
2019,3111101,17
2019,3111200,30
2019,3111309,11
2019,3111507,13
2019,3112000,9
2019,3112109,10
2019,3112307,30
2019,3112505,8
2019,3112703,17
2019,3112802,11
2019,3112901,12
2019,3113008,34
2019,3113206,17
2019,3113305,41
2019,3113404,79
2019,3113800,6
2019,3113909,12
2019,3114006,10
2019,3114303,26
2019,3114402,16
2019,3114501,11
2019,3115300,46
2019,3115359,6
2019,3115508,18
2019,3115805,6
2019,3116100,23
2019,3116159,18
2019,3116506,7
2019,3116803,14
2019,3117009,14
2019,3117207,3
2019,3117306,15
2019,3117405,9
2019,3117504,26
2019,3117603,7
2019,3117836,20
2019,3117876,7
2019,3117900,5
2019,3118007,46
2019,3118106,4
2019,3118304,94
2019,3118403,22
2019,3118601,291
2019,3118809,42
2019,3118908,10
2019,3119005,3
2019,3119104,19
2019,3119203,16
2019,3119302,29
2019,3119401,58
2019,3119500,8
2019,3119609,5
2019,3119955,4
2019,3120300,8
2019,3120409,5
2019,3120805,13
2019,3120904,59
2019,3121209,11
2019,3121258,5
2019,3121605,59
2019,3122009,25
2019,3122108,8
2019,3122306,131
2019,3122355,3
2019,3122470,5
2019,3123106,6
2019,3123205,11
2019,3123403,3
2019,3123528,12
2019,3123601,20
2019,3123700,6
2019,3123908,17
2019,3124005,18
2019,3124104,44
2019,3124203,30
2019,3124302,48
2019,3124500,8
2019,3124906,10
2019,3125101,28
2019,3125705,16
2019,3125903,20
2019,3125952,14
2019,3126109,47
2019,3126208,8
2019,3126406,4
2019,3126703,28
2019,3126802,7
2019,3126901,9
2019,3127057,6
2019,3127073,5
2019,3127206,5
2019,3127339,12
2019,3127503,7
2019,3127602,9
2019,3127701,159
2019,3127800,22
2019,3128006,24
2019,3128105,12
2019,3128303,15
2019,3128709,35
2019,3129004,6
2019,3129202,5
2019,3129301,9
2019,3129509,22
2019,3129806,85
2019,3130051,18
2019,3130101,28
2019,3130408,4
2019,3130507,7
2019,3130705,6
2019,3130903,35
2019,3131158,12
2019,3131208,13
2019,3131307,149
2019,3131406,4
2019,3131703,78
2019,3131901,48
2019,3132008,7
2019,3132107,24
2019,3132305,15
2019,3132404,83
2019,3132503,45
2019,3132701,24
2019,3132800,6
2019,3132909,10
2019,3133006,15
2019,3133204,9
2019,3133501,16
2019,3133709,10
2019,3133808,55
2019,3134004,20
2019,3134103,8
2019,3134202,59
2019,3134400,24
2019,3134707,15
2019,3135001,5
2019,3135050,34
2019,3135076,5
2019,3135100,51
2019,3135209,91
2019,3135308,6
2019,3135357,10
2019,3135456,17
2019,3135506,15
2019,3135605,5
2019,3135704,5
2019,3135803,28
2019,3136009,20
2019,3136108,7
2019,3136207,41
2019,3136306,34
2019,3136553,10
2019,3136652,21
2019,3136702,377
2019,3136959,12
2019,3137007,23
2019,3137205,27
2019,3137403,14
2019,3137601,39
2019,3137809,18
2019,3137908,8
2019,3138104,10
2019,3138203,55
2019,3138401,55
2019,3138682,10
2019,3138807,13
2019,3138906,7
2019,3139003,30
2019,3139201,20
2019,3139300,29
2019,3139409,88
2019,3139508,24
2019,3139607,19
2019,3139706,5
2019,3139904,17
2019,3140001,53
2019,3140506,13
2019,3140555,5
2019,3140852,15
2019,3140902,19
2019,3141108,25
2019,3141207,5
2019,3141306,5
2019,3141405,22
2019,3141504,6
2019,3141801,52
2019,3142007,13
2019,3142106,14
2019,3142254,10
2019,3142601,10
2019,3142700,24
2019,3142809,18
2019,3142908,22
2019,3143104,37
2019,3143302,235
2019,3143906,74
2019,3144003,42
2019,3144102,16
2019,3144300,33
2019,3144607,23
2019,3144706,16
2019,3144805,51
2019,3145208,47
2019,3145307,36
2019,3145356,16
2019,3145372,10
2019,3145406,3
2019,3145505,2
2019,3145604,27
2019,3145802,7
2019,3145851,4
2019,3145877,9
2019,3146008,25
2019,3146107,74
2019,3146255,10
2019,3146305,26
2019,3146404,6
2019,3146552,7
2019,3146750,8
2019,3146909,14
2019,3147006,68
2019,3147105,63
2019,3147204,13
2019,3147303,10
2019,3147600,17
2019,3147907,61
2019,3147956,7
2019,3148004,95
2019,3148103,65
2019,3148202,3
2019,3148608,16
2019,3148707,22
2019,3148756,12
2019,3148806,3
2019,3148905,6
2019,3149150,13
2019,3149200,4
2019,3149309,49
2019,3149408,3
2019,3149903,14
2019,3149952,9
2019,3150570,9
2019,3150604,7
2019,3150802,17
2019,3151206,45
2019,3151305,8
2019,3151404,24
2019,3151503,26
2019,3151800,102
2019,3151909,11
2019,3152006,25
2019,3152105,42
2019,3152170,17
2019,3152204,40
2019,3152402,18
2019,3152501,100
2019,3152808,19
2019,3153400,21
2019,3153608,10
2019,3153707,3
2019,3154002,24
2019,3154101,10
2019,3154309,16
2019,3154507,10
2019,3154606,135
2019,3155108,5
2019,3155603,26
2019,3155702,16
2019,3155801,10
2019,3156007,22
2019,3156106,5
2019,3156205,4
2019,3156304,4
2019,3156452,4
2019,3156502,13
2019,3156700,69
2019,3156908,20
2019,3157005,35
2019,3157203,24
2019,3157252,6
2019,3157278,6
2019,3157377,9
2019,3157401,7
2019,3157500,8
2019,3157807,83
2019,3157906,24
2019,3158201,17
2019,3158300,8
2019,3158904,15
2019,3158953,23
2019,3159209,8
2019,3159605,29
2019,3159704,5
2019,3159803,15
2019,3159902,17
2019,3160108,4
2019,3160454,5
2019,3160702,45
2019,3160959,6
2019,3161106,42
2019,3161650,5
2019,3161700,9
2019,3162005,23
2019,3162104,31
2019,3162252,4
2019,3162401,42
2019,3162450,16
2019,3162500,66
2019,3162708,26
2019,3162807,18
2019,3162922,19
2019,3162955,15
2019,3163300,4
2019,3163508,9
2019,3163706,32
2019,3164407,6
2019,3164431,5
2019,3164506,18
2019,3164704,44
2019,3164803,2
2019,3165404,8
2019,3165537,22
2019,3165552,17
2019,3165578,4
2019,3166501,12
2019,3166709,10
2019,3166907,5
2019,3166956,9
2019,3167103,36
2019,3167202,127
2019,3167509,4
2019,3167608,31
2019,3168002,22
2019,3168200,4
2019,3168408,25
2019,3168606,128
2019,3168705,59
2019,3169307,59
2019,3169356,29
2019,3169406,34
2019,3169604,19
2019,3169703,25
2019,3169901,66
2019,3170008,19
2019,3170057,14
2019,3170107,165
2019,3170206,338
2019,3170404,48
2019,3170529,11
2019,3170651,6
2019,3170701,73
2019,3170800,31
2019,3170909,36
2019,3171006,23
2019,3171030,15
2019,3171204,60
2019,3171303,64
2019,3171808,11
2019,3171907,6
2019,3172004,35
2019,3172103,6
2019,3200102,44
2019,3200136,11
2019,3200169,13
2019,3200201,36
2019,3200300,30
2019,3200409,45
2019,3200508,9
2019,3200607,67
2019,3200706,15
2019,3200805,44
2019,3200904,50
2019,3201001,14
2019,3201159,19
2019,3201209,122
2019,3201308,193
2019,3201407,27
2019,3201506,111
2019,3201605,35
2019,3201704,13
2019,3201803,3
2019,3201902,51
2019,3202108,37
2019,3202306,22
2019,3202405,87
2019,3202454,18
2019,3202553,13
2019,3202603,14
2019,3202652,12
2019,3202702,16
2019,3202801,51
2019,3202900,16
2019,3203007,30
2019,3203056,41
2019,3203205,123
2019,3203320,36
2019,3203346,17
2019,3203700,24
2019,3203809,15
2019,3203908,72
2019,3204005,38
2019,3204104,29
2019,3204203,18
2019,3204252,9
2019,3204302,23
2019,3204351,28
2019,3204559,55
2019,3204609,25
2019,3204658,21
2019,3204708,40
2019,3204906,138
2019,3204955,9
2019,3205002,220
2019,3205069,18
2019,3205101,47
2019,3205150,25
2019,3205200,192
2019,3205309,186
2019,3300100,131
2019,3300209,115
2019,3300233,29
2019,3300258,22
2019,3300308,77
2019,3300407,106
2019,3300456,241
2019,3300506,28
2019,3300605,51
2019,3300704,154
2019,3300803,53
2019,3300902,23
2019,3301009,432
2019,3301108,17
2019,3301157,17
2019,3301306,41
2019,3301504,22
2019,3301603,14
2019,3301702,542
2019,3301801,11
2019,3301850,43
2019,3301876,21
2019,3301900,160
2019,3302007,106
2019,3302056,14
2019,3302106,28
2019,3302205,84
2019,3302254,24
2019,3302270,57
2019,3302304,9
2019,3302403,182
2019,3302502,165
2019,3302601,48
2019,3302700,99
2019,3302809,16
2019,3302858,100
2019,3302908,34
2019,3303005,30
2019,3303203,111
2019,3303302,352
2019,3303401,205
2019,3303500,493
2019,3303609,35
2019,3303708,37
2019,3303807,46
2019,3303856,25
2019,3303906,278
2019,3303955,30
2019,3304003,29
2019,3304102,19
2019,3304110,14
2019,3304128,15
2019,3304144,66
2019,3304151,19
2019,3304201,104
2019,3304300,54
2019,3304409,19
2019,3304508,13
2019,3304524,87
2019,3304557,3908
2019,3304607,17
2019,3304706,48
2019,3304755,69
2019,3304805,40
2019,3304904,500
2019,3305000,50
2019,3305109,282
2019,3305158,16
2019,3305208,73
2019,3305505,72
2019,3305554,67
2019,3305604,23
2019,3305703,26
2019,3305752,23
2019,3305802,142
2019,3305901,20
2019,3306008,67
2019,3306107,76
2019,3306206,34
2019,3306305,183
2019,3500105,27
2019,3500303,26
2019,3500501,20
2019,3500600,4
2019,3500709,30
2019,3500907,4
2019,3501004,14
2019,3501152,14
2019,3501301,19
2019,3501608,157
2019,3501707,21
2019,3501905,55
2019,3502002,3
2019,3502101,50
2019,3502200,14
2019,3502507,34
2019,3502705,27
2019,3502754,23
2019,3502804,135
2019,3502903,30
2019,3503158,3
2019,3503208,148
2019,3503307,81
2019,3503356,3
2019,3503604,9
2019,3503802,36
2019,3503901,69
2019,3503950,2
2019,3504008,72
2019,3504107,121
2019,3504404,8
2019,3504602,12
2019,3505203,27
2019,3505302,27
2019,3505500,93
2019,3505708,159
2019,3505807,17
2019,3506003,256
2019,3506102,62
2019,3506300,13
2019,3506359,49
2019,3506508,63
2019,3506607,21
2019,3506706,10
2019,3507100,16
2019,3507456,4
2019,3507506,114
2019,3507605,129
2019,3507803,16
2019,3507902,20
2019,3508009,19
2019,3508405,32
2019,3508504,63
2019,3508603,34
2019,3508801,14
2019,3508900,5
2019,3509007,71
2019,3509205,57
2019,3509304,9
2019,3509403,21
2019,3509502,661
2019,3509601,55
2019,3509700,53
2019,3509908,21
2019,3510005,20
2019,3510203,45
2019,3510302,17
2019,3510401,40
2019,3510500,95
2019,3510609,180
2019,3510708,12
2019,3511102,75
2019,3511508,32
2019,3511607,18
2019,3511706,11
2019,3512209,27
2019,3512407,20
2019,3512704,4
2019,3512803,38
2019,3512902,4
2019,3513009,203
2019,3513108,26
2019,3513306,3
2019,3513405,64
2019,3513504,89
2019,3513603,42
2019,3513702,32
2019,3513801,190
2019,3513850,2
2019,3513900,9
2019,3514106,15
2019,3514205,2
2019,3514304,7
2019,3514403,35
2019,3514809,38
2019,3515004,134
2019,3515103,64
2019,3515129,3
2019,3515186,39
2019,3515202,7
2019,3515509,52
2019,3515707,93
2019,3515806,4
2019,3516200,242
2019,3516309,73
2019,3516408,91
2019,3516705,38
2019,3516804,3
2019,3516903,12
2019,3517406,25
2019,3517604,29
2019,3517703,18
2019,3518107,7
2019,3518305,32
2019,3518404,93
2019,3518602,30
2019,3518701,168
2019,3518800,625
2019,3519055,17
2019,3519071,111
2019,3519253,11
2019,3519303,23
2019,3519402,8
2019,3519600,39
2019,3519709,90
2019,3519808,8
2019,3520004,15
2019,3520301,36
2019,3520400,45
2019,3520442,21
2019,3520509,148
2019,3520905,12
2019,3521002,20
2019,3521309,17
2019,3521705,18
2019,3521804,16
2019,3521903,11
2019,3522109,71
2019,3522208,130
2019,3522307,135
2019,3522406,78
2019,3522505,97
2019,3522604,62
2019,3522703,30
2019,3522802,15
2019,3523107,175
2019,3523206,37
2019,3523305,16
2019,3523404,88
2019,3523909,125
2019,3524006,43
2019,3524105,29
2019,3524204,5
2019,3524303,58
2019,3524402,164
2019,3524600,24
2019,3524709,49
2019,3524808,23
2019,3524907,4
2019,3525003,80
2019,3525102,35
2019,3525201,26
2019,3525300,112
2019,3525706,26
2019,3525904,315
2019,3526001,12
2019,3526100,22
2019,3526209,31
2019,3526407,22
2019,3526506,7
2019,3526605,7
2019,3526704,72
2019,3526803,55
2019,3526902,172
2019,3527009,6
2019,3527108,65
2019,3527207,72
2019,3527405,14
2019,3527603,12
2019,3528007,15
2019,3528205,3
2019,3528403,41
2019,3528502,64
2019,3529005,139
2019,3529401,194
2019,3529807,9
2019,3530201,16
2019,3530300,35
2019,3530508,49
2019,3530607,342
2019,3530706,112
2019,3530805,64
2019,3531001,3
2019,3531100,53
2019,3531209,7
2019,3531308,35
2019,3531407,19
2019,3531803,44
2019,3531902,24
2019,3532009,14
2019,3532306,7
2019,3532405,23
2019,3532827,12
2019,3532900,9
2019,3533403,38
2019,3533502,34
2019,3533908,48
2019,3534302,34
2019,3534401,360
2019,3534609,31
2019,3534708,79
2019,3535200,6
2019,3535309,18
2019,3535507,36
2019,3535804,21
2019,3536208,20
2019,3536505,94
2019,3536802,10
2019,3537305,58
2019,3537404,22
2019,3537602,69
2019,3537800,49
2019,3537909,21
2019,3538006,137
2019,3538204,16
2019,3538600,23
2019,3538709,268
2019,3539202,24
2019,3539301,65
2019,3539400,8
2019,3539509,23
2019,3539806,90
2019,3540200,29
2019,3540606,42
2019,3540705,43
2019,3540754,14
2019,3540903,12
2019,3541000,146
2019,3541208,16
2019,3541307,33
2019,3541406,140
2019,3541505,28
2019,3541653,4
2019,3541703,10
2019,3541901,7
2019,3542206,33
2019,3542404,21
2019,3542602,69
2019,3542701,4
2019,3542909,13
2019,3543303,85
2019,3543402,384
2019,3543907,111
2019,3544004,24
2019,3544103,27
2019,3544251,20
2019,3545001,12
2019,3545209,53
2019,3545308,36
2019,3545506,3
2019,3545605,12
2019,3545803,123
2019,3546306,21
2019,3546405,38
2019,3546603,25
2019,3546801,39
2019,3547304,89
2019,3547502,25
2019,3547700,15
2019,3547809,423
2019,3548054,7
2019,3548203,9
2019,3548302,3
2019,3548500,305
2019,3548609,11
2019,3548708,447
2019,3548807,99
2019,3548906,154
2019,3549102,67
2019,3549409,37
2019,3549607,8
2019,3549706,44
2019,3549805,280
2019,3549904,392
2019,3550100,24
2019,3550209,28
2019,3550308,7142
2019,3550407,27
2019,3550605,79
2019,3550704,80
2019,3550803,9
2019,3550902,20
2019,3551009,229
2019,3551504,27
2019,3551603,27
2019,3551702,72
2019,3551801,20
2019,3552007,4
2019,3552106,42
2019,3552205,412
2019,3552403,158
2019,3552502,180
2019,3552809,143
2019,3553005,11
2019,3553302,22
2019,3553401,19
2019,3553609,14
2019,3553708,44
2019,3554003,104
2019,3554102,217
2019,3554300,26
2019,3554508,38
2019,3554805,31
2019,3555000,49
2019,3555109,11
2019,3555307,4
2019,3555406,77
2019,3555604,8
2019,3555703,2
2019,3556206,87
2019,3556305,19
2019,3556404,25
2019,3556453,49
2019,3556503,51
2019,3556701,56
2019,3556800,16
2019,3557006,79
2019,3557105,61
2019,3557303,14
2019,4100202,13
2019,4100400,77
2019,4100509,22
2019,4100608,15
2019,4101101,18
2019,4101408,100
2019,4101507,94
2019,4101606,25
2019,4101655,8
2019,4101804,115
2019,4102000,37
2019,4102406,35
2019,4102604,19
2019,4102802,14
2019,4103156,5
2019,4103354,10
2019,4103370,5
2019,4103453,12
2019,4103602,21
2019,4103909,21
2019,4104006,40
2019,4104204,96
2019,4104303,72
2019,4104402,30
2019,4104428,20
2019,4104600,16
2019,4104808,215
2019,4104907,69
2019,4105003,13
2019,4105409,25
2019,4105508,50
2019,4105805,139
2019,4106001,13
2019,4106209,21
2019,4106407,45
2019,4106506,24
2019,4106605,20
2019,4106803,14
2019,4106902,1086
2019,4107009,14
2019,4107256,7
2019,4107405,7
2019,4107504,20
2019,4107546,11
2019,4108304,161
2019,4108320,9
2019,4108403,73
2019,4108700,9
2019,4108809,35
2019,4108908,5
2019,4109401,132
2019,4109500,33
2019,4109658,7
2019,4109708,34
2019,4109807,46
2019,4110508,17
2019,4111258,19
2019,4111506,41
2019,4111803,40
2019,4112009,35
2019,4112108,22
2019,4112504,13
2019,4112801,14
2019,4113205,47
2019,4113304,38
2019,4113452,8
2019,4113502,23
2019,4113700,394
2019,4114005,14
2019,4114203,25
2019,4114302,18
2019,4114401,22
2019,4114500,17
2019,4114609,48
2019,4114708,6
2019,4114807,26
2019,4114906,9
2019,4115200,245
2019,4115408,13
2019,4115457,7
2019,4115606,20
2019,4116109,14
2019,4116208,23
2019,4116703,14
2019,4116901,23
2019,4117057,21
2019,4117107,15
2019,4117222,10
2019,4117305,32
2019,4117701,37
2019,4118204,133
2019,4118402,70
2019,4118501,75
2019,4119004,9
2019,4119152,82
2019,4119301,37
2019,4119400,21
2019,4119509,58
2019,4119905,258
2019,4120358,11
2019,4120507,11
2019,4120606,74
2019,4120804,22
2019,4120903,44
2019,4121109,4
2019,4121406,21
2019,4122156,19
2019,4122305,36
2019,4122404,41
2019,4122701,7
2019,4123501,29
2019,4123709,10
2019,4123808,19
2019,4123907,13
2019,4124103,47
2019,4124707,19
2019,4125001,16
2019,4125209,13
2019,4125407,8
2019,4125506,181
2019,4125605,55
2019,4125753,9
2019,4126009,8
2019,4126504,12
2019,4126603,22
2019,4126678,9
2019,4127007,13
2019,4127106,68
2019,4127304,15
2019,4127403,18
2019,4127700,110
2019,4127858,12
2019,4127965,17
2019,4128104,85
2019,4128203,66
2019,4128401,15
2019,4128500,18
2019,4200101,24
2019,4200200,14
2019,4200309,7
2019,4200507,7
2019,4200556,4
2019,4200705,10
2019,4200804,14
2019,4201000,9
2019,4201273,7
2019,4201307,41
2019,4201406,75
2019,4201901,8
2019,4201950,10
2019,4202008,79
2019,4202057,12
2019,4202073,11
2019,4202081,4
2019,4202107,28
2019,4202206,21
2019,4202305,41
2019,4202404,221
2019,4202438,8
2019,4202503,5
2019,4202701,7
2019,4202909,77
2019,4203006,59
2019,4203204,44
2019,4203501,15
2019,4203600,43
2019,4203808,61
2019,4203907,20
2019,4203956,23
2019,4204004,8
2019,4204194,4
2019,4204202,151
2019,4204301,75
2019,4204400,12
2019,4204558,24
2019,4204608,156
2019,4204707,12
2019,4204806,34
2019,4204905,9
2019,4205001,18
2019,4205100,7
2019,4205209,4
2019,4205308,10
2019,4205357,2
2019,4205407,281
2019,4205456,24
2019,4205506,38
2019,4205605,4
2019,4205704,26
2019,4205803,16
2019,4205902,50
2019,4206009,18
2019,4206108,7
2019,4206207,15
2019,4206306,19
2019,4206504,36
2019,4206652,6
2019,4206702,15
2019,4206801,2
2019,4206900,19
2019,4207007,62
2019,4207106,17
2019,4207205,15
2019,4207304,47
2019,4207502,57
2019,4207601,7
2019,4207650,10
2019,4207700,10
2019,4207809,11
2019,4208005,8
2019,4208104,28
2019,4208203,189
2019,4208302,36
2019,4208401,21
2019,4208500,23
2019,4208609,3
2019,4208807,22
2019,4208906,102
2019,4209003,28
2019,4209102,348
2019,4209151,13
2019,4209300,178
2019,4209409,45
2019,4209607,19
2019,4209706,13
2019,4209854,5
2019,4210035,4
2019,4210050,3
2019,4210100,49
2019,4210209,9
2019,4210506,24
2019,4210605,25
2019,4210704,4
2019,4211009,9
2019,4211207,20
2019,4211256,4
2019,4211306,62
2019,4211702,26
2019,4211892,4
2019,4211900,120
2019,4212106,15
2019,4212304,12
2019,4212403,8
2019,4212502,29
2019,4212601,4
2019,4212650,16
2019,4212809,16
2019,4212908,17
2019,4213104,7
2019,4213203,29
2019,4213500,20
2019,4213609,39
2019,4213708,16
2019,4213807,12
2019,4214003,21
2019,4214102,4
2019,4214409,6
2019,4214508,12
2019,4214805,64
2019,4215000,42
2019,4215059,5
2019,4215075,6
2019,4215307,9
2019,4215356,8
2019,4215406,4
2019,4215505,19
2019,4215604,4
2019,4215653,12
2019,4215687,7
2019,4215703,22
2019,4215752,3
2019,4215802,74
2019,4216008,14
2019,4216107,13
2019,4216206,56
2019,4216305,32
2019,4216503,33
2019,4216602,143
2019,4216701,20
2019,4216800,21
2019,4216909,21
2019,4217006,11
2019,4217204,44
2019,4217402,24
2019,4217501,19
2019,4217600,14
2019,4217709,33
2019,4217808,20
2019,4218004,37
2019,4218202,46
2019,4218251,9
2019,4218301,17
2019,4218400,10
2019,4218707,98
2019,4218756,6
2019,4218806,18
2019,4219002,23
2019,4219309,50
2019,4219507,47
2019,4219606,7
2019,4219705,23
2019,4219853,4
2019,4220000,14
2019,4300034,5
2019,4300059,5
2019,4300109,12
2019,4300307,8
2019,4300406,65
2019,4300505,12
2019,4300554,3
2019,4300604,74
2019,4300638,7
2019,4300646,6
2019,4300703,9
2019,4300802,14
2019,4300851,5
2019,4300877,10
2019,4300901,9
2019,4301107,12
2019,4301206,18
2019,4301305,21
2019,4301404,11
2019,4301602,112
2019,4301636,10
2019,4301651,8
2019,4301750,8
2019,4301859,6
2019,4301909,14
2019,4302105,101
2019,4302154,4
2019,4302204,7
2019,4302220,4
2019,4302238,4
2019,4302303,12
2019,4302352,16
2019,4302402,16
2019,4302451,18
2019,4302501,11
2019,4302659,5
2019,4302709,16
2019,4302808,37
2019,4302907,15
2019,4303004,77
2019,4303103,87
2019,4303202,9
2019,4303301,8
2019,4303509,52
2019,4303558,5
2019,4303673,5
2019,4303905,59
2019,4304101,3
2019,4304200,31
2019,4304309,7
2019,4304358,16
2019,4304408,49
2019,4304507,54
2019,4304606,176
2019,4304630,58
2019,4304655,4
2019,4304663,18
2019,4304689,14
2019,4304705,55
2019,4304713,9
2019,4304804,28
2019,4304903,12
2019,4305009,13
2019,4305108,393
2019,4305116,3
2019,4305124,9
2019,4305173,12
2019,4305207,17
2019,4305306,12
2019,4305355,29
2019,4305405,6
2019,4305439,5
2019,4305447,4
2019,4305454,12
2019,4305504,8
2019,4305603,5
2019,4305702,7
2019,4305801,11
2019,4305850,4
2019,4305900,10
2019,4305975,3
2019,4306007,16
2019,4306056,6
2019,4306072,4
2019,4306106,78
2019,4306353,8
2019,4306403,26
2019,4306429,5
2019,4306601,50
2019,4306700,4
2019,4306767,35
2019,4306908,25
2019,4306932,7
2019,4306957,4
2019,4306973,5
2019,4307005,66
2019,4307054,5
2019,4307104,8
2019,4307203,7
2019,4307500,18
2019,4307609,49
2019,4307708,68
2019,4307807,33
2019,4307815,6
2019,4307831,4
2019,4307906,67
2019,4308102,18
2019,4308201,27
2019,4308300,12
2019,4308409,8
2019,4308433,3
2019,4308458,6
2019,4308508,40
2019,4308607,36
2019,4309001,22
2019,4309050,8
2019,4309100,42
2019,4309126,5
2019,4309159,7
2019,4309209,175
2019,4309308,70
2019,4309407,23
2019,4309506,8
2019,4309571,5
2019,4309605,16
2019,4309704,7
2019,4309753,7
2019,4309803,4
2019,4309902,7
2019,4310009,22
2019,4310108,32
2019,4310207,75
2019,4310363,6
2019,4310405,5
2019,4310413,3
2019,4310439,7
2019,4310462,2
2019,4310504,13
2019,4310579,4
2019,4310603,30
2019,4310652,4
2019,4310801,20
2019,4310876,7
2019,4311007,41
2019,4311130,5
2019,4311155,15
2019,4311205,27
2019,4311254,11
2019,4311304,41
2019,4311403,76
2019,4311429,6
2019,4311627,9
2019,4311700,8
2019,4311718,5
2019,4311759,7
2019,4311791,6
2019,4311809,33
2019,4311981,5
2019,4312005,3
2019,4312104,7
2019,4312138,6
2019,4312203,6
2019,4312252,6
2019,4312302,9
2019,4312401,58
2019,4312427,5
2019,4312443,5
2019,4312450,6
2019,4312476,8
2019,4312500,17
2019,4312658,17
2019,4312708,13
2019,4312757,6
2019,4312807,5
2019,4313060,17
2019,4313102,8
2019,4313201,22
2019,4313300,21
2019,4313375,25
2019,4313391,7
2019,4313409,164
2019,4313425,6
2019,4313490,4
2019,4313508,43
2019,4313607,3
2019,4313656,13
2019,4313706,37
2019,4313904,37
2019,4313953,8
2019,4314001,7
2019,4314050,40
2019,4314076,8
2019,4314100,166
2019,4314134,3
2019,4314159,13
2019,4314209,6
2019,4314308,3
2019,4314407,236
2019,4314423,7
2019,4314464,6
2019,4314498,8
2019,4314506,9
2019,4314548,4
2019,4314605,25
2019,4314704,16
2019,4314779,6
2019,4314787,3
2019,4314803,29
2019,4314902,1012
2019,4315008,5
2019,4315107,11
2019,4315156,13
2019,4315305,25
2019,4315321,4
2019,4315404,18
2019,4315552,7
2019,4315602,151
2019,4315701,45
2019,4315750,11
2019,4315800,12
2019,4315909,8
2019,4315958,6
2019,4316006,27
2019,4316105,9
2019,4316303,10
2019,4316402,30
2019,4316436,3
2019,4316451,16
2019,4316600,17
2019,4316709,13
2019,4316758,6
2019,4316808,121
2019,4316907,173
2019,4316956,7
2019,4316972,2
2019,4317004,9
2019,4317103,89
2019,4317202,64
2019,4317301,28
2019,4317400,41
2019,4317509,79
2019,4317608,61
2019,4317707,16
2019,4317806,15
2019,4317905,13
2019,4318002,53
2019,4318101,17
2019,4318200,24
2019,4318309,56
2019,4318408,23
2019,4318424,3
2019,4318432,6
2019,4318465,3
2019,4318481,5
2019,4318507,22
2019,4318614,3
2019,4318705,162
2019,4318804,45
2019,4318903,48
2019,4319000,19
2019,4319208,7
2019,4319307,6
2019,4319364,4
2019,4319406,14
2019,4319505,30
2019,4319604,23
2019,4319703,5
2019,4319711,4
2019,4319737,6
2019,4319752,4
2019,4319802,11
2019,4319901,53
2019,4320008,83
2019,4320107,23
2019,4320206,10
2019,4320230,3
2019,4320263,9
2019,4320321,3
2019,4320354,7
2019,4320404,21
2019,4320503,9
2019,4320552,4
2019,4320602,4
2019,4320651,2
2019,4320701,18
2019,4320800,37
2019,4320859,10
2019,4320909,20
2019,4321006,15
2019,4321105,15
2019,4321204,60
2019,4321303,28
2019,4321329,3
2019,4321352,6
2019,4321402,21
2019,4321436,8
2019,4321451,31
2019,4321469,6
2019,4321477,9
2019,4321501,38
2019,4321600,40
2019,4321667,11
2019,4321808,25
2019,4321907,27
2019,4321956,9
2019,4322004,31
2019,4322186,3
2019,4322202,29
2019,4322251,5
2019,4322327,3
2019,4322400,82
2019,4322509,46
2019,4322533,12
2019,4322608,74
2019,4322806,19
2019,4322905,3
2019,4323002,130
2019,4323101,8
2019,4323358,3
2019,4323705,5
2019,4323804,10
2019,5000609,26
2019,5000708,20
2019,5000906,9
2019,5001003,16
2019,5001102,42
2019,5001508,9
2019,5001904,15
2019,5002100,25
2019,5002159,9
2019,5002209,19
2019,5002407,22
2019,5002605,14
2019,5002704,459
2019,5002803,3
2019,5002902,18
2019,5002951,19
2019,5003207,63
2019,5003256,16
2019,5003306,23
2019,5003454,13
2019,5003488,10
2019,5003702,139
2019,5003751,10
2019,5004007,9
2019,5004304,14
2019,5004403,6
2019,5004700,10
2019,5004809,5
2019,5005004,20
2019,5005103,4
2019,5005152,4
2019,5005202,19
2019,5005400,30
2019,5005608,24
2019,5005681,14
2019,5005707,30
2019,5005806,12
2019,5006002,12
2019,5006200,36
2019,5006275,3
2019,5006309,24
2019,5006606,50
2019,5006903,12
2019,5007109,13
2019,5007208,28
2019,5007554,6
2019,5007703,8
2019,5007802,5
2019,5007901,31
2019,5007935,13
2019,5007950,7
2019,5008008,14
2019,5008305,67
2019,5100102,8
2019,5100250,43
2019,5100300,15
2019,5100359,3
2019,5100508,9
2019,5100607,5
2019,5100805,10
2019,5101258,13
2019,5101407,21
2019,5101605,9
2019,5101704,31
2019,5101803,63
2019,5101852,6
2019,5101902,18
2019,5102504,65
2019,5102637,27
2019,5102678,26
2019,5102686,6
2019,5102702,25
2019,5102793,10
2019,5103007,22
2019,5103056,10
2019,5103205,27
2019,5103254,19
2019,5103304,19
2019,5103353,27
2019,5103379,10
2019,5103403,383
2019,5103502,30
2019,5103601,11
2019,5103858,14
2019,5103957,5
2019,5104104,31
2019,5104203,10
2019,5104500,2
2019,5104542,7
2019,5104609,10
2019,5104807,20
2019,5105101,37
2019,5105150,36
2019,5105200,15
2019,5105234,5
2019,5105259,32
2019,5105580,14
2019,5105606,16
2019,5105622,20
2019,5105903,15
2019,5106000,6
2019,5106109,25
2019,5106158,11
2019,5106216,11
2019,5106224,29
2019,5106232,11
2019,5106240,15
2019,5106257,14
2019,5106273,4
2019,5106299,10
2019,5106307,28
2019,5106315,4
2019,5106372,15
2019,5106422,25
2019,5106505,32
2019,5106653,3
2019,5106752,22
2019,5106778,11
2019,5106802,9
2019,5106851,5
2019,5107008,19
2019,5107040,42
2019,5107065,19
2019,5107107,19
2019,5107180,11
2019,5107248,3
2019,5107263,4
2019,5107578,12
2019,5107602,135
2019,5107701,18
2019,5107750,3
2019,5107768,4
2019,5107792,5
2019,5107800,33
2019,5107859,12
2019,5107909,73
2019,5107925,52
2019,5107941,10
2019,5107958,65
2019,5108006,8
2019,5108303,3
2019,5108402,167
2019,5108600,16
2019,5108808,5
2019,5108907,7
2019,5200134,15
2019,5200258,104
2019,5200308,27
2019,5201108,221
2019,5201306,17
2019,5201405,223
2019,5201454,3
2019,5201702,17
2019,5202155,8
2019,5202502,5
2019,5202809,2
2019,5203203,15
2019,5203401,5
2019,5203500,18
2019,5204003,10
2019,5204250,6
2019,5204300,12
2019,5204508,67
2019,5204656,5
2019,5204904,18
2019,5205109,67
2019,5205307,25
2019,5205406,23
2019,5205497,40
2019,5205901,10
2019,5206206,47
2019,5206305,4
2019,5206404,18
2019,5206503,5
2019,5207352,4
2019,5207535,11
2019,5207600,7
2019,5207808,8
2019,5208004,84
2019,5208103,5
2019,5208707,801
2019,5208905,33
2019,5210000,42
2019,5210208,30
2019,5210406,24
2019,5210604,5
2019,5210901,12
2019,5211206,17
2019,5211404,6
2019,5211503,68
2019,5211602,3
2019,5211909,65
2019,5212303,12
2019,5212501,117
2019,5212956,4
2019,5213087,24
2019,5213103,49
2019,5213707,9
2019,5213772,7
2019,5213855,4
2019,5214002,10
2019,5214606,33
2019,5214838,12
2019,5214861,14
2019,5214903,7
2019,5215306,18
2019,5215702,16
2019,5216403,11
2019,5217104,26
2019,5217203,11
2019,5217302,24
2019,5217401,24
2019,5217609,63
2019,5218003,35
2019,5218300,31
2019,5218508,32
2019,5218805,119
2019,5218904,22
2019,5219308,26
2019,5219704,10
2019,5219753,42
2019,5219803,14
2019,5220009,12
2019,5220108,34
2019,5220207,19
2019,5220405,11
2019,5220454,64
2019,5221007,3
2019,5221403,77
2019,5221601,34
2019,5221858,86
2019,5222005,13
2019,5222054,5
2019,5222203,7
2019,5300108,1249
2019,1100056,14
2019,1100080,15
2019,1100114,38
2019,1100130,29
2019,1100155,25
2019,1100296,5
2019,1100700,8
2019,1100809,18
2019,1101005,15
2019,1101104,8
2019,1101450,7
2019,1101468,3
2019,1101484,5
2019,1101500,9
2019,1101807,6
2019,1200013,11
2019,1200252,22
2019,1200393,44
2019,1300409,52
2019,1300706,106
2019,1300904,44
2019,1301001,60
2019,1301654,42
2019,1301803,44
2019,1302108,42
2019,1302405,142
2019,1302553,43
2019,1303700,47
2019,1303957,27
2019,1304237,62
2019,1304302,38
2019,1400209,30
2019,1400233,22
2019,1400282,14
2019,1400308,22
2019,1400407,115
2019,1400472,43
2019,1500107,204
2019,1500131,10
2019,1500347,14
2019,1502608,29
2019,1502756,81
2019,1502855,39
2019,1502939,52
2019,1503002,21
2019,1504109,21
2019,1505007,25
2019,1505403,45
2019,1505635,27
2019,1506104,13
2019,1506112,15
2019,1506203,35
2019,1506351,27
2019,1506609,55
2019,1507409,39
2019,1507508,30
2019,1507961,18
2019,1507979,26
2019,1600055,8
2019,1600204,21
2019,1600212,20
2019,1600550,12
2019,1600808,27
2019,1700350,6
2019,1700400,13
2019,1700707,10
2019,1701002,10
2019,1701051,3
2019,1701101,2
2019,1701903,9
2019,1702208,36
2019,1702307,6
2019,1702554,25
2019,1702703,4
2019,1703057,5
2019,1703073,5
2019,1703800,13
2019,1703826,3
2019,1703891,6
2019,1703909,6
2019,1704105,4
2019,1705557,5
2019,1706100,5
2019,1706258,3
2019,1706506,6
2019,1707009,22
2019,1707108,7
2019,1707207,10
2019,1707702,14
2019,1708304,7
2019,1709005,26
2019,1709302,19
2019,1710508,20
2019,1711100,2
2019,1711803,3
2019,1711951,3
2019,1712405,6
2019,1712454,3
2019,1712801,5
2019,1713304,10
2019,1713601,8
2019,1713809,5
2019,1714302,8
2019,1715101,6
2019,1715259,3
2019,1715705,5
2019,1715754,6
2019,1716505,14
2019,1716703,12
2019,1717008,4
2019,1717206,7
2019,1717909,10
2019,1718006,4
2019,1718451,4
2019,1718501,5
2019,1718808,3
2019,1718840,7
2019,1718907,8
2019,1720002,4
2019,1720101,9
2019,1720150,6
2019,1720259,9
2019,1720804,15
2019,1720937,3
2019,1721109,45
2019,1721257,3
2019,1722081,12
2019,2100154,33
2019,2100501,37
2019,2100832,25
2019,2101731,46
2019,2101806,11
2019,2102705,40
2019,2102754,30
2019,2103802,38
2019,2104552,21
2019,2105104,85
2019,2105401,110
2019,2105948,26
2019,2107407,35
2019,2108801,55
2019,2109551,19
2019,2110039,55
2019,2110856,14
2019,2112704,82
2019,2200103,5
2019,2200251,7
2019,2200400,67
2019,2200707,15
2019,2201002,9
2019,2201150,17
2019,2201176,9
2019,2201960,9
2019,2202026,10
2019,2202059,19
2019,2202075,13
2019,2202083,11
2019,2202133,9
2019,2202251,10
2019,2202505,20
2019,2203008,13
2019,2203230,13
2019,2203453,18
2019,2203859,4
2019,2204006,6
2019,2204154,5
2019,2204204,12
2019,2204352,13
2019,2204659,13
2019,2205524,9
2019,2205532,15
2019,2205581,6
2019,2205706,69
2019,2205953,10
2019,2206001,6
2019,2206357,22
2019,2206407,20
2019,2206506,12
2019,2206696,18
2019,2206704,10
2019,2206803,31
2019,2207207,12
2019,2207751,11
2019,2207900,71
2019,2207959,4
2019,2208205,21
2019,2208858,9
2019,2209005,9
2019,2209104,8
2019,2209351,10
2019,2209401,11
2019,2209500,7
2019,2209807,8
2019,2209872,6
2019,2210003,26
2019,2210102,8
2019,2210656,16
2019,2210938,9
2019,2210979,8
2019,2211357,9
2019,2211407,7
2019,2301000,69
2019,2301307,27
2019,2301802,7
2019,2302107,36
2019,2302305,37
2019,2303402,21
2019,2303659,14
2019,2303907,17
2019,2303956,23
2019,2304954,29
2019,2305357,17
2019,2306207,7
2019,2306801,15
2019,2306900,41
2019,2307254,20
2019,2308005,44
2019,2309003,13
2019,2309102,12
2019,2309508,17
2019,2310852,22
2019,2310902,13
2019,2313252,9
2019,2313906,15
2019,2400604,9
2019,2401453,38
2019,2401800,16
2019,2402204,35
2019,2402402,9
2019,2402808,8
2019,2403707,11
2019,2405009,9
2019,2405207,7
2019,2406502,19
2019,2407005,20
2019,2407500,19
2019,2407708,15
2019,2408508,4
2019,2408607,11
2019,2409803,27
2019,2410207,12
2019,2410306,16
2019,2411700,5
2019,2412500,23
2019,2413607,10
2019,2414209,14
2019,2414506,21
2019,2500403,38
2019,2500502,14
2019,2500577,8
2019,2500908,19
2019,2501153,9
2019,2501203,10
2019,2501351,9
2019,2501609,19
2019,2502706,11
2019,2503100,6
2019,2503902,10
2019,2504850,5
2019,2505006,13
2019,2505352,10
2019,2505600,15
2019,2505709,19
2019,2505907,6
2019,2506509,6
2019,2506608,12
2019,2506707,17
2019,2507606,13
2019,2507705,22
2019,2507903,15
2019,2508109,10
2019,2508703,8
2019,2509107,30
2019,2509305,9
2019,2509339,15
2019,2509396,7
2019,2509602,6
2019,2509800,19
2019,2510006,11
2019,2510105,11
2019,2510709,5
2019,2511202,30
2019,2511509,18
2019,2511608,14
2019,2511806,16
2019,2512002,20
2019,2512036,13
2019,2512200,5
2019,2512309,23
2019,2512408,18
2019,2512804,21
2019,2513943,4
2019,2514206,9
2019,2514305,12
2019,2514800,14
2019,2514909,11
2019,2515203,4
2019,2515500,18
2019,2516102,20
2019,2600807,31
2019,2601300,15
2019,2602100,46
2019,2602407,19
2019,2603306,16
2019,2603603,13
2019,2603900,24
2019,2604601,16
2019,2605152,17
2019,2605608,25
2019,2606507,16
2019,2606606,29
2019,2607752,24
2019,2608503,22
2019,2610806,28
2019,2611002,55
2019,2611200,17
2019,2611309,42
2019,2612455,14
2019,2613206,35
2019,2614709,15
2019,2615706,17
2019,2615805,33
2019,2616001,30
2019,2700201,21
2019,2701001,15
2019,2701308,22
2019,2701803,9
2019,2703304,25
2019,2703403,11
2019,2703601,17
2019,2704005,28
2019,2704500,42
2019,2705101,27
2019,2705200,13
2019,2705606,17
2019,2705903,18
2019,2706208,11
2019,2707602,11
2019,2708303,36
2019,2708501,41
2019,2708709,15
2019,2708907,22
2019,2709103,23
2019,2802502,5
2019,2804201,12
2019,2805000,8
2019,2805307,14
2019,2805901,12
2019,2807600,28
2019,2900306,20
2019,2900900,13
2019,2901106,32
2019,2901155,22
2019,2901502,20
2019,2902203,19
2019,2902302,27
2019,2902609,28
2019,2903102,15
2019,2903508,39
2019,2903706,28
2019,2904050,27
2019,2904209,47
2019,2904803,18
2019,2904852,29
2019,2905206,56
2019,2905404,27
2019,2905503,27
2019,2905602,35
2019,2905800,87
2019,2906303,47
2019,2906600,12
2019,2906857,8
2019,2906899,8
2019,2906907,30
2019,2907400,9
2019,2907806,32
2019,2907905,28
2019,2908002,40
2019,2908507,41
2019,2908804,13
2019,2908903,31
2019,2909703,26
2019,2910305,20
2019,2910701,72
2019,2911253,7
2019,2911402,28
2019,2911600,32
2019,2912004,11
2019,2912103,29
2019,2912301,19
2019,2912608,8
2019,2912707,43
2019,2912806,11
2019,2913002,19
2019,2913309,11
2019,2913457,41
2019,2913804,28
2019,2915007,25
2019,2915106,25
2019,2915403,16
2019,2915700,16
2019,2915908,15
2019,2916005,27
2019,2916104,27
2019,2916302,16
2019,2916609,23
2019,2917805,31
2019,2918209,26
2019,2918308,34
2019,2918456,34
2019,2918506,32
2019,2918555,18
2019,2918605,10
2019,2918902,9
2019,2919603,11
2019,2919702,21
2019,2919926,14
2019,2919959,12
2019,2920007,11
2019,2921104,37
2019,2921401,25
2019,2922052,16
2019,2922102,32
2019,2922409,41
2019,2922607,37
2019,2922656,11
2019,2922706,19
2019,2922854,10
2019,2922904,21
2019,2923050,13
2019,2923407,43
2019,2923506,15
2019,2923605,28
2019,2924108,19
2019,2924207,43
2019,2924678,34
2019,2925204,29
2019,2925402,18
2019,2925501,44
2019,2925931,24
2019,2926509,31
2019,2926806,14
2019,2926905,20
2019,2927002,49
2019,2927309,28
2019,2927606,24
2019,2928059,27
2019,2928208,33
2019,2928307,18
2019,2928505,15
2019,2929354,8
2019,2929370,19
2019,2929503,43
2019,2929750,21
2019,2930006,26
2019,2930204,67
2019,2930758,31
2019,2931202,54
2019,2931400,9
2019,2931509,28
2019,2931608,23
2019,2931707,18
2019,2932101,41
2019,2932200,33
2019,2932309,28
2019,2932507,31
2019,2933000,37
2019,2933109,11
2019,2933158,14
2019,2933174,15
2019,3100401,7
2019,3100807,6
2019,3102001,9
2019,3102605,31
2019,3103009,18
2019,3103108,3
2019,3103801,4
2019,3104601,8
2019,3105202,7
2019,3105509,13
2019,3105905,18
2019,3106309,17
2019,3106408,10
2019,3107505,6
2019,3107604,3
2019,3107703,6
2019,3107901,8
2019,3108552,10
2019,3108701,6
2019,3109709,9
2019,3109907,8
2019,3110103,13
2019,3110301,15
2019,3110806,4
2019,3110905,16
2019,3111408,6
2019,3111606,20
2019,3111903,4
2019,3112059,7
2019,3112208,11
2019,3112406,4
2019,3113107,5
2019,3113503,11
2019,3114204,20
2019,3114550,9
2019,3114808,6
2019,3115458,12
2019,3115706,3
2019,3116605,19
2019,3117108,9
2019,3117702,12
2019,3117801,8
2019,3118502,2
2019,3118700,13
2019,3120003,3
2019,3120151,6
2019,3120508,10
2019,3120607,7
2019,3120706,7
2019,3120870,8
2019,3121001,7
2019,3121100,7
2019,3121308,4
2019,3121803,5
2019,3122454,7
2019,3122504,3
2019,3122603,9
2019,3125200,3
2019,3125309,7
2019,3125408,4
2019,3125507,3
2019,3125606,9
2019,3126604,5
2019,3126752,6
2019,3127008,11
2019,3127107,35
2019,3127305,8
2019,3127354,7
2019,3127388,3
2019,3127404,3
2019,3128204,8
2019,3128402,7
2019,3128600,7
2019,3128907,8
2019,3129103,6
2019,3129905,3
2019,3130002,3
2019,3130309,7
2019,3130556,10
2019,3130655,12
2019,3130804,2
2019,3131000,5
2019,3131109,9
2019,3132206,10
2019,3133303,19
2019,3133402,10
2019,3133600,6
2019,3134301,5
2019,3134905,20
2019,3136900,7
2019,3137106,8
2019,3137502,15
2019,3137700,32
2019,3138005,3
2019,3138351,10
2019,3138658,7
2019,3140308,5
2019,3140605,7
2019,3140704,19
2019,3140803,10
2019,3141702,8
2019,3141900,4
2019,3142403,7
2019,3143153,11
2019,3143203,14
2019,3143450,8
2019,3143500,11
2019,3143609,6
2019,3143708,4
2019,3143807,4
2019,3144201,4
2019,3144359,3
2019,3144375,4
2019,3144409,5
2019,3144656,15
2019,3144672,15
2019,3145000,9
2019,3145059,10
2019,3145109,13
2019,3145901,34
2019,3146503,5
2019,3146701,7
2019,3147402,14
2019,3148509,7
2019,3149101,10
2019,3149705,6
2019,3149804,14
2019,3150000,3
2019,3150109,2
2019,3150539,4
2019,3150703,4
2019,3150901,6
2019,3151008,8
2019,3151107,11
2019,3152600,7
2019,3152709,9
2019,3153004,4
2019,3153103,12
2019,3153202,5
2019,3153301,3
2019,3153905,14
2019,3154457,10
2019,3154705,4
2019,3154804,8
2019,3154903,12
2019,3155306,6
2019,3155405,7
2019,3155504,17
2019,3156809,21
2019,3157104,5
2019,3157658,6
2019,3157708,10
2019,3158003,8
2019,3159357,4
2019,3159407,7
2019,3159506,13
2019,3160306,15
2019,3160504,3
2019,3161205,6
2019,3161403,3
2019,3161502,6
2019,3161601,4
2019,3161809,9
2019,3162559,10
2019,3162575,5
2019,3162609,8
2019,3162906,31
2019,3163102,8
2019,3163409,4
2019,3163805,6
2019,3163904,5
2019,3164001,8
2019,3164472,5
2019,3165206,7
2019,3165305,4
2019,3165701,5
2019,3165909,10
2019,3166006,4
2019,3166105,6
2019,3166204,14
2019,3166303,8
2019,3166808,14
2019,3167400,3
2019,3167707,6
2019,3167806,5
2019,3169059,5
2019,3169109,6
2019,3169802,4
2019,3170503,8
2019,3170602,5
2019,3170750,7
2019,3171071,9
2019,3171709,11
2019,3172202,3
2019,3202009,7
2019,3202207,17
2019,3202256,26
2019,3203106,8
2019,3203304,13
2019,3203353,22
2019,3203403,26
2019,3203502,27
2019,3203601,7
2019,3204054,21
2019,3204401,16
2019,3204807,13
2019,3205010,23
2019,3205036,26
2019,3205176,24
2019,3300159,13
2019,3300225,17
2019,3301405,30
2019,3302452,8
2019,3303104,20
2019,3305307,14
2019,3305406,24
2019,3306156,16
2019,3500758,7
2019,3501806,5
2019,3503000,5
2019,3503406,9
2019,3503505,5
2019,3504503,73
2019,3505351,16
2019,3505401,10
2019,3505609,21
2019,3505906,45
2019,3506409,4
2019,3507001,53
2019,3507159,4
2019,3507308,4
2019,3507753,3
2019,3508108,11
2019,3508702,11
2019,3509254,31
2019,3509452,5
2019,3509957,6
2019,3510153,4
2019,3510807,26
2019,3511201,5
2019,3511409,21
2019,3512001,19
2019,3514007,7
2019,3515194,4
2019,3515350,11
2019,3515608,7
2019,3516101,5
2019,3516606,3
2019,3517109,5
2019,3517208,8
2019,3517901,7
2019,3518008,4
2019,3518206,26
2019,3519006,5
2019,3519105,9
2019,3519501,5
2019,3519907,3
2019,3520103,23
2019,3520202,10
2019,3520608,4
2019,3521101,5
2019,3521150,3
2019,3521200,16
2019,3521408,14
2019,3522653,8
2019,3523503,17
2019,3523602,11
2019,3523800,5
2019,3525409,5
2019,3525805,4
2019,3527306,27
2019,3527504,4
2019,3527801,7
2019,3528304,3
2019,3528700,6
2019,3528809,13
2019,3529104,2
2019,3529203,23
2019,3529302,55
2019,3529609,4
2019,3529658,2
2019,3529708,16
2019,3529906,33
2019,3530003,4
2019,3530102,26
2019,3530409,6
2019,3531506,15
2019,3531704,7
2019,3532108,2
2019,3532157,3
2019,3532504,5
2019,3532702,4
2019,3532801,7
2019,3532868,3
2019,3533007,10
2019,3533205,5
2019,3533601,9
2019,3534005,5
2019,3534203,5
2019,3534807,6
2019,3535101,8
2019,3535408,13
2019,3535606,21
2019,3535705,4
2019,3536000,9
2019,3536109,6
2019,3536257,3
2019,3536307,8
2019,3536406,5
2019,3536604,8
2019,3536703,41
2019,3537008,20
2019,3537107,38
2019,3537156,5
2019,3537206,14
2019,3537503,8
2019,3537701,4
2019,3538105,11
2019,3538303,3
2019,3538808,36
2019,3538907,19
2019,3539004,5
2019,3539608,4
2019,3539707,4
2019,3540259,3
2019,3540408,3
2019,3541604,31
2019,3542008,6
2019,3542305,2
2019,3542503,7
2019,3542800,8
2019,3543006,20
2019,3543105,5
2019,3543204,3
2019,3543238,4
2019,3543253,14
2019,3543709,10
2019,3543808,8
2019,3544301,12
2019,3544400,5
2019,3544509,4
2019,3544608,5
2019,3544806,4
2019,3544905,6
2019,3545159,5
2019,3545407,6
2019,3546009,13
2019,3546900,6
2019,3547007,5
2019,3547403,3
2019,3547601,23
2019,3547650,2
2019,3548005,18
2019,3548104,6
2019,3549201,3
2019,3549300,3
2019,3549953,17
2019,3551207,3
2019,3551405,11
2019,3551900,15
2019,3552601,7
2019,3552700,12
2019,3553104,6
2019,3553203,5
2019,3553807,22
2019,3553955,10
2019,3554607,4
2019,3555208,3
2019,3555356,5
2019,3556008,9
2019,3556107,3
2019,3556354,11
2019,3557154,3
2019,4100103,6
2019,4100301,7
2019,4100707,17
2019,4100905,5
2019,4101002,23
2019,4101051,5
2019,4101200,20
2019,4101705,13
2019,4101903,18
2019,4102109,25
2019,4102208,5
2019,4102307,18
2019,4102505,14
2019,4102901,17
2019,4103008,8
2019,4103107,12
2019,4103222,4
2019,4103404,4
2019,4103479,8
2019,4103701,74
2019,4103800,8
2019,4103958,7
2019,4104055,7
2019,4104105,11
2019,4104253,19
2019,4104451,13
2019,4104501,29
2019,4104659,20
2019,4104709,12
2019,4105201,30
2019,4105300,13
2019,4105607,9
2019,4105706,23
2019,4105904,21
2019,4106308,14
2019,4106456,17
2019,4106555,4
2019,4106704,5
2019,4106852,6
2019,4107108,6
2019,4107124,6
2019,4107207,41
2019,4107306,8
2019,4107538,3
2019,4107553,3
2019,4107603,20
2019,4107652,65
2019,4107736,9
2019,4107751,7
2019,4107850,6
2019,4108106,3
2019,4108205,10
2019,4108452,4
2019,4108502,23
2019,4108601,32
2019,4108650,11
2019,4108957,8
2019,4109104,3
2019,4109203,7
2019,4109302,22
2019,4109609,37
2019,4109906,11
2019,4110078,14
2019,4110102,30
2019,4110201,15
2019,4110409,4
2019,4110706,66
2019,4110805,14
2019,4110953,13
2019,4111001,7
2019,4111100,6
2019,4112207,8
2019,4112702,10
2019,4112751,8
2019,4112959,12
2019,4113254,13
2019,4113403,10
2019,4113429,7
2019,4113601,5
2019,4113759,6
2019,4113908,14
2019,4114104,18
2019,4114351,5
2019,4115358,7
2019,4115507,5
2019,4115705,30
2019,4115739,6
2019,4115754,9
2019,4115804,35
2019,4115853,7
2019,4115903,5
2019,4116000,3
2019,4116059,16
2019,4116950,8
2019,4117008,8
2019,4117214,5
2019,4117255,10
2019,4117271,15
2019,4117297,4
2019,4117503,24
2019,4117602,42
2019,4117800,19
2019,4117909,32
2019,4118006,9
2019,4118105,9
2019,4118600,9
2019,4118709,8
2019,4118907,9
2019,4119202,10
2019,4119251,4
2019,4119608,38
2019,4119806,15
2019,4119954,28
2019,4120101,8
2019,4120150,7
2019,4120333,5
2019,4120408,5
2019,4120655,6
2019,4121208,18
2019,4121356,4
2019,4121505,16
2019,4121703,28
2019,4121752,10
2019,4121802,15
2019,4121901,16
2019,4122008,19
2019,4122172,9
2019,4122206,40
2019,4122503,14
2019,4122602,8
2019,4122651,10
2019,4122909,8
2019,4123006,21
2019,4123105,6
2019,4123303,14
2019,4123402,10
2019,4123600,4
2019,4123956,6
2019,4124053,16
2019,4124202,4
2019,4124806,15
2019,4125100,15
2019,4125308,4
2019,4125357,4
2019,4125456,3
2019,4125555,3
2019,4125704,31
2019,4125902,7
2019,4126108,6
2019,4126207,12
2019,4126256,54
2019,4126306,17
2019,4126355,4
2019,4126405,10
2019,4126801,11
2019,4126900,10
2019,4127502,16
2019,4127601,18
2019,4127809,16
2019,4127882,7
2019,4127908,12
2019,4127957,10
2019,4128005,25
2019,4128534,11
2019,4128559,8
2019,4128609,11
2019,4128708,6
2019,4128807,9
2019,4200408,12
2019,4200754,3
2019,4201505,12
2019,4201653,5
2019,4201802,7
2019,4202099,5
2019,4202131,9
2019,4202453,16
2019,4202578,3
2019,4202800,35
2019,4202859,8
2019,4202875,7
2019,4203105,7
2019,4203154,4
2019,4203253,5
2019,4204178,9
2019,4204350,4
2019,4204459,3
2019,4207403,10
2019,4207759,10
2019,4207908,12
2019,4208450,20
2019,4208955,3
2019,4209805,9
2019,4210308,7
2019,4210902,6
2019,4211058,12
2019,4211108,13
2019,4211504,11
2019,4211751,22
2019,4211850,3
2019,4212007,12
2019,4212056,6
2019,4212205,20
2019,4212254,7
2019,4212700,10
2019,4213302,9
2019,4213351,5
2019,4213401,13
2019,4214706,5
2019,4214904,4
2019,4215554,2
2019,4215901,6
2019,4216057,8
2019,4216255,11
2019,4216354,6
2019,4217253,6
2019,4217303,13
2019,4217550,3
2019,4217907,6
2019,4217956,3
2019,4218905,19
2019,4219101,6
2019,4219150,4
2019,4219176,6
2019,4219200,12
2019,4219408,6
2019,4300570,4
2019,4300661,2
2019,4301008,23
2019,4302006,16
2019,4303608,9
2019,4303707,9
2019,4304002,7
2019,4304614,3
2019,4304853,3
2019,4306130,3
2019,4306205,18
2019,4306304,8
2019,4306320,6
2019,4306452,3
2019,4306502,10
2019,4306759,3
2019,4307302,13
2019,4307450,4
2019,4307864,2
2019,4308706,9
2019,4308904,16
2019,4310538,6
2019,4311122,3
2019,4311239,5
2019,4311270,4
2019,4311601,8
2019,4311643,3
2019,4311775,13
2019,4311908,8
2019,4312617,3
2019,4313466,4
2019,4314456,4
2019,4314753,4
2019,4315172,3
2019,4315206,5
2019,4315354,6
2019,4315503,16
2019,4317251,4
2019,4319125,4
2019,4319356,5
2019,4320453,3
2019,4322525,5
2019,4322707,29
2019,4322855,3
2019,4323507,4
2019,5000203,11
2019,5000807,6
2019,5000856,9
2019,5001243,10
2019,5002001,5
2019,5003108,4
2019,5003157,11
2019,5003504,4
2019,5003801,15
2019,5004502,13
2019,5004601,12
2019,5004908,6
2019,5006358,9
2019,5006408,7
2019,5007307,4
2019,5007406,14
2019,5007505,4
2019,5007695,20
2019,5008404,6
2019,5100201,22
2019,5100409,7
2019,5101308,9
2019,5103361,7
2019,5103452,6
2019,5103908,17
2019,5104906,10
2019,5105309,6
2019,5106190,5
2019,5106208,4
2019,5106265,10
2019,5106455,3
2019,5106703,3
2019,5107297,4
2019,5107354,7
2019,5107875,21
2019,5108055,13
2019,5108105,6
2019,5108501,9
2019,5108956,9
2019,5200050,9
2019,5200209,3
2019,5200605,12
2019,5200803,9
2019,5200852,3
2019,5201603,2
2019,5202353,5
2019,5203302,22
2019,5203559,7
2019,5203575,4
2019,5203807,6
2019,5203906,9
2019,5203939,3
2019,5204409,15
2019,5204607,5
2019,5204706,10
2019,5204805,6
2019,5205000,8
2019,5205059,3
2019,5205513,10
2019,5205521,5
2019,5205703,3
2019,5205802,12
2019,5206602,3
2019,5206909,3
2019,5207105,5
2019,5207501,5
2019,5207907,14
2019,5208509,3
2019,5208608,55
2019,5208806,22
2019,5209101,27
2019,5209291,2
2019,5209705,18
2019,5209804,3
2019,5209937,5
2019,5209952,11
2019,5210109,28
2019,5210802,5
2019,5211008,10
2019,5211305,6
2019,5211701,7
2019,5211800,34
2019,5212006,4
2019,5212055,3
2019,5212105,7
2019,5212204,22
2019,5212709,7
2019,5212808,8
2019,5212907,3
2019,5213004,8
2019,5213053,9
2019,5213806,37
2019,5213905,7
2019,5214051,7
2019,5214101,3
2019,5214507,16
2019,5215009,5
2019,5215207,5
2019,5215231,50
2019,5215405,3
2019,5215504,3
2019,5215603,27
2019,5215652,3
2019,5216304,5
2019,5216452,4
2019,5216809,8
2019,5216908,3
2019,5217708,15
2019,5218102,3
2019,5218391,4
2019,5218706,4
2019,5219001,7
2019,5219100,5
2019,5219357,5
2019,5219456,5
2019,5219506,2
2019,5219605,6
2019,5219902,3
2019,5220058,2
2019,5220157,4
2019,5220603,18
2019,5220686,9
2019,5220702,6
2019,5221197,8
2019,5221577,6
2019,5221700,11
2019,5222302,7
2019,1722107,13
2019,2413359,18
2019,2513901,35
2019,2915205,22
2019,2926707,14
2019,3143401,15
2019,3146206,11
2019,3160405,23
2019,3544202,9
2019,4103206,4
2019,4127205,16
2019,4310553,5
2019,4317954,4
2019,4318606,10
2019,4319158,11
2019,4322301,6
2019,2306009,18
2019,2708105,28
2019,2901403,30
2019,3141009,15
2019,3142205,12
2019,3512308,15
2019,4322350,3
2019,5209408,8
2019,1505494,9
2019,1508050,22
2019,2111573,6
2019,2112274,17
2019,2205854,13
2019,2207504,24
2019,2304509,22
2019,2410900,10
2019,2411809,6
2019,2611408,18
2019,2805802,35
2019,2806107,8
2019,3108305,11
2019,3158508,11
2019,3171600,18
2019,3522158,8
2019,3522901,9
2019,3539905,5
2019,3550001,9
2019,4208708,14
2019,4210803,7
2019,4211801,7
2019,4300208,10
2019,4308052,5
2019,4309951,5
2019,4311106,11
2019,4311502,9
2019,4312377,7
2019,5106281,9
2019,2101939,19
2019,2104305,17
2019,2209757,8
2019,2401701,11
2019,2413557,7
2019,2503407,7
2019,2505279,13
2019,2508604,17
2019,2509008,28
2019,2612554,19
2019,2706505,19
2019,2804458,16
2019,2900405,20
2019,2902252,27
2019,2903003,23
2019,2910909,8
2019,3115003,6
2019,3115474,7
2019,3116001,16
2019,3126950,8
2019,3131802,12
2019,3140159,11
2019,3147501,3
2019,3158607,7
2019,3203163,18
2019,3554409,7
2019,4117453,5
2019,4301701,4
2019,4302600,8
2019,4310330,18
2019,4314035,5
2019,5108352,4
2019,5200902,4
2019,5213400,4
2019,1101302,12
2019,1507466,14
2019,2102606,43
2019,2206753,16
2019,2413904,19
2019,2502508,30
2019,2504157,12
2019,2517407,3
2019,2605459,2
2019,3115102,13
2019,3517000,11
2019,4305157,5
2019,4310702,7
2019,5201504,4
2019,2108405,38
2019,2304277,9
2019,2405900,6
2019,2503555,11
2019,2607000,31
2019,2608206,20
2019,2615201,9
2019,2909406,33
2019,2919108,18
2019,2930766,25
2019,3516002,8
2019,3518503,12
2019,4316204,5
2019,5101001,4
2019,5105507,20
2019,5209903,16
2019,1200054,68
2019,3123809,5
2019,3515400,13
2019,2407401,12
2019,1200344,32
2019,2302057,16
2019,2411908,5
2019,2517001,22
2019,2601805,22
2019,2907707,27
2019,2909505,13
2019,3113701,22
2019,3138674,9
2019,3507704,5
2019,1702406,22
2019,2111722,33
2019,2201919,21
2019,3108107,5
2019,3138500,4
2019,2205359,4
2019,2404606,18
2019,2413300,12
2019,2413409,12
2019,2414605,12
2019,2514008,11
2019,2703007,24
2019,3103603,5
2019,3109808,3
2019,3203130,15
2019,4107157,5
2019,4212270,6
2019,4215208,11
2019,4216404,7
2019,4305835,4
2019,4306809,27
2019,4320305,7
2019,5102850,9
2019,2206902,13
2019,2404507,25
2019,2404804,3
2019,2405405,15
2019,2514453,8
2019,2600500,36
2019,2900603,8
2019,2907558,20
2019,3111150,8
2019,3135902,3
2019,3168507,13
2019,3171402,7
2019,3525508,11
2019,4318051,3
2019,5102603,45
2019,5106828,12
2019,1720309,7
2019,2412807,11
2019,2914208,20
2019,2921609,12
2019,3148400,9
2019,3514502,11
2019,3550506,7
2019,4314175,6
2019,4323770,6
2019,5002308,12
2019,5203104,5
2019,2200608,14
2019,2309805,14
2019,2701506,22
2019,2912905,43
2019,3164308,8
2019,3504909,10
2019,4201109,4
2019,4207684,15
2019,4210001,11
2019,4301057,9
2019,4323408,3
2019,2107001,20
2019,2510303,4
2019,2513000,8
2019,2607604,26
2019,2704906,6
2019,3121407,9
2019,3133105,15
2019,3134608,16
2019,3530904,5
2019,4301800,8
2019,2904001,24
2019,3108206,8
2019,3114105,14
2019,3505005,6
2019,4306551,4
2019,5103700,15
2019,1100502,9
2019,1101476,5
2019,1301951,42
2019,1501600,34
2019,1702000,9
2019,1703107,7
2019,1710904,4
2019,1713957,8
2019,1718709,5
2019,1720853,3
2019,2101970,15
2019,2109700,12
2019,2201556,7
2019,2201945,13
2019,2202406,27
2019,2204907,14
2019,2208551,5
2019,2209377,7
2019,2310605,12
2019,2400109,11
2019,2404101,6
2019,2406700,11
2019,2505204,12
2019,2506004,36
2019,2507804,6
2019,2509503,8
2019,2510402,13
2019,2510659,8
2019,2511004,12
2019,2511400,20
2019,2511707,12
2019,2514107,9
2019,2515807,18
2019,2516706,19
2019,2516755,3
2019,2516805,17
2019,2600609,16
2019,2600906,31
2019,2603207,19
2019,2610301,26
2019,2612000,18
2019,2614006,24
2019,2702009,23
2019,2702207,8
2019,2702801,16
2019,2703502,11
2019,2705309,5
2019,2706109,26
2019,2706448,8
2019,2801603,8
2019,2806503,8
2019,2901809,27
2019,2902401,25
2019,2904308,14
2019,2905156,48
2019,2906402,15
2019,2907004,13
2019,2911659,6
2019,2917334,18
2019,2922730,15
2019,2922755,22
2019,2923308,12
2019,2923902,11
2019,2930907,31
2019,2931103,11
2019,2932606,19
2019,3100708,2
2019,3102506,4
2019,3102704,11
2019,3103900,6
2019,3105004,9
2019,3105301,3
2019,3106002,9
2019,3106606,7
2019,3107208,8
2019,3108909,14
2019,3109105,6
2019,3110400,3
2019,3111705,6
2019,3111804,10
2019,3112604,8
2019,3112653,5
2019,3113602,3
2019,3118205,6
2019,3119708,2
2019,3119807,6
2019,3119906,2
2019,3120839,7
2019,3121704,6
2019,3122900,5
2019,3123304,6
2019,3123858,4
2019,3124401,6
2019,3124708,4
2019,3126000,6
2019,3126307,3
2019,3129707,8
2019,3130200,8
2019,3130606,6
2019,3131505,8
2019,3134806,4
2019,3135407,5
2019,3136504,14
2019,3136579,6
2019,3136801,6
2019,3137304,3
2019,3137536,6
2019,3138609,23
2019,3138625,6
2019,3138708,3
2019,3139102,5
2019,3139250,4
2019,3140100,3
2019,3140530,10
2019,3142304,5
2019,3143005,9
2019,3144508,4
2019,3150208,4
2019,3150307,4
2019,3150406,6
2019,3150505,6
2019,3151602,4
2019,3151701,13
2019,3153806,2
2019,3154408,6
2019,3156403,3
2019,3158805,3
2019,3160009,4
2019,3160603,8
2019,3160801,3
2019,3161908,12
2019,3162203,4
2019,3162948,7
2019,3163003,5
2019,3163201,3
2019,3164100,8
2019,3164209,9
2019,3165008,9
2019,3168804,9
2019,3168903,8
2019,3169000,12
2019,3169505,8
2019,3170438,3
2019,3200359,12
2019,3202504,14
2019,3300936,15
2019,3301207,23
2019,3305133,11
2019,3500550,4
2019,3501400,5
2019,3502408,4
2019,3503109,6
2019,3504206,12
2019,3504305,8
2019,3504701,6
2019,3505104,5
2019,3506805,9
2019,3508207,4
2019,3509106,5
2019,3509809,4
2019,3511003,13
2019,3512100,9
2019,3512506,4
2019,3513207,6
2019,3514601,8
2019,3514908,13
2019,3514957,3
2019,3515152,13
2019,3515657,3
2019,3515905,2
2019,3516507,4
2019,3517802,7
2019,3518859,7
2019,3519204,4
2019,3520426,12
2019,3521507,4
2019,3521606,7
2019,3522000,4
2019,3524501,5
2019,3525607,3
2019,3526308,3
2019,3527900,2
2019,3528106,4
2019,3528908,4
2019,3529500,4
2019,3531605,4
2019,3532207,6
2019,3532603,13
2019,3533304,3
2019,3533700,3
2019,3535002,10
2019,3536570,4
2019,3538501,11
2019,3539103,19
2019,3540002,15
2019,3540507,4
2019,3540804,8
2019,3540853,4
2019,3541802,4
2019,3545704,5
2019,3546702,19
2019,3548401,4
2019,3549508,6
2019,3551108,8
2019,3551306,4
2019,3552304,8
2019,3553856,7
2019,3554201,10
2019,3554904,3
2019,3555505,5
2019,3556602,8
2019,3557204,13
2019,4100459,4
2019,4101309,9
2019,4103040,12
2019,4103057,14
2019,4103305,8
2019,4105102,11
2019,4106571,7
2019,4107702,7
2019,4108007,11
2019,4109005,4
2019,4109757,7
2019,4110607,17
2019,4110904,4
2019,4111209,10
2019,4111407,11
2019,4111555,8
2019,4111704,4
2019,4112306,4
2019,4112603,3
2019,4113106,8
2019,4113734,5
2019,4113809,6
2019,4115002,6
2019,4115101,8
2019,4116406,5
2019,4116505,4
2019,4116802,9
2019,4117404,3
2019,4118303,3
2019,4118451,3
2019,4118808,15
2019,4119103,14
2019,4120002,12
2019,4120705,6
2019,4121000,11
2019,4121257,3
2019,4121604,4
2019,4123204,4
2019,4124020,11
2019,4124301,4
2019,4124400,28
2019,4124509,6
2019,4124608,4
2019,4125803,12
2019,4126272,5
2019,4126652,3
2019,4126702,4
2019,4200051,5
2019,4201208,7
2019,4201604,3
2019,4203709,21
2019,4207858,4
2019,4209458,3
2019,4209508,6
2019,4210407,8
2019,4213005,4
2019,4213153,4
2019,4214201,11
2019,4217154,3
2019,4218350,5
2019,4312906,7
2019,4313003,3
2019,4317756,3
2019,4318457,5
2019,4322103,6
2019,4322558,3
2019,5104526,4
2019,5104559,6
2019,5105002,8
2019,5105176,10
2019,5107305,13
2019,5108204,5
2019,5200100,12
2019,5200159,3
2019,5200175,5
2019,5205208,2
2019,5207402,8
2019,5208400,10
2019,5209150,5
2019,5209200,12
2019,5209457,4
2019,5210158,4
2019,5210562,4
2019,5213756,11
2019,5214408,6
2019,5216007,3
2019,5218607,7
2019,5219712,4
2019,5220280,3
2019,1101559,5
2019,1200328,70
2019,1200435,63
2019,1703305,4
2019,1703602,4
2019,1705607,6
2019,1707553,4
2019,1707652,4
2019,1715002,5
2019,1718659,3
2019,1721307,4
2019,2100402,17
2019,2106672,20
2019,2109759,22
2019,2200806,5
2019,2200954,7
2019,2202117,14
2019,2202711,8
2019,2202729,13
2019,2202802,8
2019,2203255,9
2019,2203602,7
2019,2205458,16
2019,2205540,7
2019,2205565,11
2019,2206308,3
2019,2207306,7
2019,2207355,5
2019,2207405,9
2019,2207777,11
2019,2208601,5
2019,2209153,7
2019,2209302,9
2019,2210359,12
2019,2210391,5
2019,2210953,6
2019,2211506,7
2019,2309904,12
2019,2312502,7
2019,2312809,9
2019,2400406,4
2019,2403756,3
2019,2405108,12
2019,2405306,14
2019,2406155,7
2019,2406809,12
2019,2407609,7
2019,2408953,16
2019,2409506,7
2019,2409605,8
2019,2409704,15
2019,2410009,6
2019,2410603,8
2019,2410702,4
2019,2410801,9
2019,2411429,6
2019,2412104,4
2019,2412906,13
2019,2413706,5
2019,2413805,3
2019,2414308,3
2019,2414902,3
2019,2500775,14
2019,2501005,34
2019,2502003,12
2019,2502052,11
2019,2502102,13
2019,2502201,7
2019,2502607,14
2019,2503753,9
2019,2505303,5
2019,2506202,4
2019,2509370,11
2019,2510204,11
2019,2512606,6
2019,2513356,15
2019,2513653,10
2019,2513802,12
2019,2513968,7
2019,2514602,9
2019,2515609,9
2019,2515708,7
2019,2517100,7
2019,2601508,15
2019,2602506,13
2019,2603405,16
2019,2603801,22
2019,2604403,13
2019,2606705,13
2019,2610103,17
2019,2610509,28
2019,2616183,13
2019,2700805,12
2019,2701902,13
2019,2702702,5
2019,2703700,8
2019,2707909,9
2019,2800100,7
2019,2803104,14
2019,2805208,13
2019,2807006,10
2019,2901601,23
2019,2908200,30
2019,2910776,8
2019,2911501,17
2019,2915304,9
2019,2916203,15
2019,2918704,6
2019,2918753,23
2019,2919009,10
2019,2919405,19
2019,2922805,11
2019,2924702,13
2019,2924900,15
2019,2927804,7
2019,3100104,8
2019,3101201,6
2019,3101300,3
2019,3104403,3
2019,3104452,6
2019,3105707,14
2019,3106101,6
2019,3106655,7
2019,3107000,4
2019,3109501,13
2019,3109600,3
2019,3114709,3
2019,3115409,7
2019,3115904,3
2019,3116209,9
2019,3116308,6
2019,3120102,5
2019,3120201,10
2019,3121506,3
2019,3122207,8
2019,3122702,4
2019,3124609,3
2019,3124807,12
2019,3125804,3
2019,3126505,18
2019,3127909,2
2019,3128501,3
2019,3129400,3
2019,3129608,9
2019,3129657,15
2019,3131604,8
2019,3132602,3
2019,3133758,13
2019,3134509,3
2019,3136405,3
2019,3136520,6
2019,3136603,6
2019,3139805,9
2019,3140209,3
2019,3141603,9
2019,3144904,8
2019,3145455,14
2019,3145703,3
2019,3146602,3
2019,3149002,3
2019,3149507,5
2019,3149606,3
2019,3150158,4
2019,3152131,4
2019,3152303,13
2019,3152907,6
2019,3153509,13
2019,3154150,9
2019,3155009,3
2019,3155900,7
2019,3156601,8
2019,3157302,4
2019,3157336,3
2019,3158102,5
2019,3158706,3
2019,3159001,6
2019,3159100,6
2019,3159308,6
2019,3160207,3
2019,3160900,3
2019,3161007,16
2019,3162302,3
2019,3162658,8
2019,3164605,5
2019,3164902,3
2019,3165602,5
2019,3165800,3
2019,3166402,3
2019,3167004,2
2019,3169208,11
2019,3170479,5
2019,3171154,3
2019,3171501,4
2019,3201100,11
2019,3204500,23
2019,3500204,5
2019,3501103,4
2019,3501202,4
2019,3502309,6
2019,3502606,3
2019,3503703,5
2019,3504800,4
2019,3506201,4
2019,3507407,12
2019,3508306,5
2019,3510104,4
2019,3510906,5
2019,3511300,4
2019,3511904,5
2019,3514700,4
2019,3514924,3
2019,3515301,4
2019,3517307,4
2019,3517505,10
2019,3518909,4
2019,3520707,4
2019,3520806,4
2019,3523008,4
2019,3525854,4
2019,3527702,4
2019,3528601,7
2019,3528858,4
2019,3532058,4
2019,3532843,3
2019,3533106,3
2019,3534104,4
2019,3534500,3
2019,3534757,7
2019,3534906,10
2019,3536901,3
2019,3540101,3
2019,3540309,3
2019,3541059,4
2019,3541109,6
2019,3542107,7
2019,3543501,7
2019,3543600,3
2019,3546108,3
2019,3546207,5
2019,3546256,4
2019,3549250,3
2019,3552551,5
2019,3552908,5
2019,3553500,8
2019,3553906,3
2019,3554706,8
2019,3554755,3
2019,3556909,5
2019,4100806,9
2019,4101150,3
2019,4102752,4
2019,4103024,4
2019,4103503,9
2019,4106100,5
2019,4107520,3
2019,4107801,6
2019,4107900,7
2019,4108551,4
2019,4110003,5
2019,4111902,10
2019,4112405,6
2019,4112900,5
2019,4113007,5
2019,4115309,6
2019,4116307,3
2019,4116604,4
2019,4118857,6
2019,4119707,5
2019,4120309,5
2019,4123857,18
2019,4124004,4
2019,4124905,6
2019,4128302,3
2019,4128633,15
2019,4128658,3
2019,4200903,13
2019,4201257,13
2019,4201703,9
2019,4202602,18
2019,4203303,12
2019,4203402,17
2019,4204103,7
2019,4204152,3
2019,4204251,17
2019,4204509,11
2019,4204756,5
2019,4205159,5
2019,4205175,10
2019,4205431,3
2019,4206405,11
2019,4206603,6
2019,4206751,4
2019,4207577,3
2019,4209177,3
2019,4209201,3
2019,4209904,18
2019,4210555,3
2019,4210852,6
2019,4211405,3
2019,4211454,6
2019,4211603,18
2019,4213906,5
2019,4214151,5
2019,4215455,9
2019,4215679,10
2019,4215695,3
2019,4217105,9
2019,4218103,6
2019,4218509,8
2019,4218608,14
2019,4218855,3
2019,4218954,5
2019,4219358,9
2019,4301073,5
2019,4301503,8
2019,4301875,5
2019,4302055,6
2019,4303400,7
2019,4303806,6
2019,4304671,5
2019,4304697,6
2019,4304952,3
2019,4305132,5
2019,4305371,5
2019,4305587,3
2019,4305871,3
2019,4305934,3
2019,4305959,3
2019,4306379,3
2019,4307401,3
2019,4307559,6
2019,4308078,6
2019,4308854,5
2019,4310751,5
2019,4310850,6
2019,4312054,7
2019,4312609,6
2019,4312625,6
2019,4313011,4
2019,4313037,3
2019,4313086,2
2019,4313441,5
2019,4314555,5
2019,4315057,3
2019,4315073,4
2019,4315131,3
2019,4315149,6
2019,4318440,3
2019,4318499,4
2019,4318622,8
2019,4319109,6
2019,4319372,3
2019,4320677,13
2019,4321626,3
2019,4321709,25
2019,4321857,6
2019,4322152,9
2019,4322541,6
2019,4323309,3
2019,4323606,3
2019,5003900,3
2019,5004106,6
2019,5007976,4
2019,5103106,7
2019,5103809,5
2019,5106182,7
2019,5107156,3
2019,5107198,4
2019,5107206,4
2019,5107404,3
2019,5107743,4
2019,5107883,2
2019,5108857,4
2019,5200555,5
2019,5201207,3
2019,5204102,8
2019,5204953,5
2019,5205471,8
2019,5206701,4
2019,5207253,9
2019,5208152,4
2019,5213509,19
2019,5214705,4
2019,5214804,3
2019,5215900,4
2019,5218789,3
2019,5219258,4
2019,5219407,5
2019,5221304,3
2019,5221452,3
2019,5221502,3
2019,1701309,4
2019,2201929,8
2019,2203271,14
2019,2209906,12
2019,2403509,13
2019,2509404,25
2019,2515906,11
2019,2612109,14
2019,2911006,18
2019,4200606,7
2019,4205555,4
2019,4212239,5
2019,4215109,13
2019,4308250,3
2019,4321832,6
2019,5201801,8
2019,2202851,7
2019,4309555,7
2019,5204854,3
2019,2804102,12
2019,4101853,4
2019,4202156,5
2019,4120200,3
2019,4122800,5
2019,5212253,3
2019,2701357,7
2019,4322376,3
2019,5215256,3
2019,1708254,4
2019,2205607,10
2019,2513158,16
2019,2612471,12
2019,3125002,4
2019,3165107,4
2019,3168309,4
2019,4314027,11
2019,4322343,2
2019,2411601,7
2019,3533809,4
2019,4309258,3
2019,2510501,14
2019,3109253,4
2019,3122801,4
2019,3154200,8
2019,4315453,3
2019,1100031,8
2019,1100924,12
2019,1715150,2
2019,1718402,2
2019,2110807,15
2019,2414753,15
2019,2500106,22
2019,3140407,4
2019,3142502,6
2019,3147709,6
2019,3547205,2
2019,5106174,13
2019,5204201,2
2019,5208301,8
2019,5220504,9
2019,5221080,5
2019,2510600,6
2019,3544707,3
2019,3549003,2
2019,4122107,5
2019,3161304,5
2019,3527256,3
2019,4111308,5
2019,3115607,3
2019,3133907,9
2019,4117206,4
2019,5221551,5
2019,4128625,4
2019,5219738,4
2019,4308003,7
2019,1702158,7
2019,3115201,3
2019,3547106,5
2019,5202601,2
2019,2917359,7
2019,5101209,2
2019,2407252,4
2019,2508505,18
2019,2920304,10
2019,3138302,5
2019,4302378,5
2019,5107776,12
2019,3114907,4
2019,2515005,15
2019,3123007,8
2019,3155207,7
2019,3500402,8
2019,5205455,6
2019,1712702,7
2019,1720655,6
2019,2512788,5
2019,2806909,5
2019,2910206,6
2019,3122405,5
2019,3165560,5
2019,4310306,5
2019,4308805,12
2019,3101631,7
2019,5103437,3
2019,4314472,8
2019,3116407,6
2019,3163607,7
2019,3165503,8
2019,3101409,4
2019,1712157,3
2019,4309654,8
2019,5000252,5
2019,4313334,2
2019,3507209,3
2019,4302253,3
2019,4214607,8
2019,4314068,6
2019,4306734,3
2019,4308656,4
2019,4313805,10
2019,4300471,4
2019,3110202,4
2019,5005251,6
2019,5200506,2
2019,5220264,5
2019,4301958,3
2019,4312385,3
2019,4323200,6
2019,2403004,5
2019,4323754,5
2019,4304622,4
2019,4316733,3
2019,4302584,4
2019,4316501,9
2019,5210307,2
2019,1703867,2
2019,1705102,3
2019,1707306,3
2019,1709807,3
2019,1715507,2
2019,1716307,5
2019,1718881,2
2019,3103306,2
2019,3104304,10
2019,3114600,3
2019,3116704,3
2019,3121902,4
2019,3127370,3
2019,3128253,3
2019,3148301,5
2019,3161056,2
2019,3167301,3
2019,3168051,6
2019,3170305,3
2019,3170578,3
2019,3171105,3
2019,3501509,4
2019,3506904,10
2019,3512605,4
2019,3516853,4
2019,3523701,4
2019,3545100,3
2019,3546504,6
2019,3547908,7
2019,3553658,3
2019,3554656,3
2019,3554953,6
2019,3555802,6
2019,3555901,2
2019,4102703,3
2019,4110300,4
2019,4110656,4
2019,4111605,4
2019,4119657,3
2019,4120853,3
2019,4121307,3
2019,4123824,4
2019,4202537,4
2019,4205191,3
2019,4211876,3
2019,4217758,5
2019,4301552,3
2019,4306924,3
2019,4312179,5
2019,4312351,3
2019,4315313,3
2019,4317558,2
2019,4320578,5
2019,4321493,5
2019,5006259,4
2019,5102694,3
2019,5203609,5
2019,5203962,4
2019,5204557,3
2019,5206800,2
2019,5212600,2
2019,5214879,3
2019,5215801,4
2019,5218052,3
2019,5219209,4
2019,5221809,4
2019,5221908,3
2019,4316428,5
2019,2209450,5
2019,4300455,5
2019,4310900,4
2019,2201988,7
2019,2207934,4
2019,4301925,2
2019,4323457,3
2019,4312153,4
2019,3168101,5
2019,4311734,5
2019,2406403,4
2019,2514651,5
2019,3116902,3
2019,4211652,3
2019,3300951,9
2019,4110052,3
2019,4214300,5
2019,3157609,4
2019,4312674,3
2019,3500808,3
2019,3123502,2
2019,4316477,3
2019,2211704,5
2019,3166600,2
2019,5200829,6
2019,3128808,4
2019,3167905,3
2019,3533254,3
2019,3158409,3
2019,5209606,5
2019,4312955,2
2019,4321634,3
2019,3535903,3
2019,4313359,3
2019,2500734,3
2019,3147808,3
2019,3556958,3
